_id,humedad,norhum,nortemp,salidae,salidar,salidav,temperatura
63054459dcbc56d1e4b34856,50,-1,-1,1,1,0,35.1
63054459dcbc56d1e4b34857,60,0,-1,-1,1,0,32.1
63054459dcbc56d1e4b34858,90,1,-1,0,1,0,34.95
63054459dcbc56d1e4b34859,45,-1,0,1,-1,-1,36.8
63054459dcbc56d1e4b3485a,55.5,0,0,-1,-1,-1,37
63054459dcbc56d1e4b3485b,87,1,0,0,-1,-1,36.5
63054459dcbc56d1e4b3485c,30,-1,1,1,0,1,37.85
63054459dcbc56d1e4b3485d,70,0,1,-1,0,1,37.9
63054459dcbc56d1e4b3485e,91,1,1,0,0,1,38
63055b5b8c1190050ef46cc8,65,0,0,-1,-1,-1,36.9
6305620b3254291afa379d1d,69.5,0,-1,-1,1,0,36.21
6305622a3254291afa379d1f,68.5,0,0,-1,-1,-1,36.53
630562483254291afa379d21,67,0,0,-1,-1,-1,36.81
630562683254291afa379d23,67.5,0,0,-1,-1,-1,37.09
630562873254291afa379d25,66.5,0,0,-1,-1,-1,37.33
630562a53254291afa379d27,65.5,0,0,-1,-1,-1,37.49
630562c43254291afa379d29,66,0,0,-1,-1,-1,37.65
630563023254291afa379d2b,65,0,1,-1,0,1,37.93
630563213254291afa379d2d,65.5,0,1,-1,0,1,38.29
6305633f3254291afa379d2f,66,0,0,-1,-1,-1,37.73
6305635e3254291afa379d31,66,0,0,-1,-1,-1,36.83
6305637d3254291afa379d33,68,0,-1,-1,1,0,35.91
6305639b3254291afa379d35,70,0,-1,-1,1,0,35.49
630563ba3254291afa379d37,72.5,0,-1,-1,1,0,35.45
630563d93254291afa379d39,72,0,-1,-1,1,0,35.61
630563f83254291afa379d3b,70.5,0,-1,-1,1,0,35.95
630564163254291afa379d3d,70,0,-1,-1,1,0,36.27
630564353254291afa379d3f,69,0,0,-1,-1,-1,36.57
630564553254291afa379d41,68.5,0,0,-1,-1,-1,36.83
630564973254291afa379d43,69,0,0,-1,-1,-1,37.09
630564983254291afa379d45,69,0,0,-1,-1,-1,37.07
630564b73254291afa379d47,67,0,0,-1,-1,-1,37.31
630564d63254291afa379d49,67,0,0,-1,-1,-1,37.65
630564f43254291afa379d4b,66.5,0,1,-1,0,1,37.99
630565133254291afa379d4d,66,0,1,-1,0,1,37.93
630565323254291afa379d4f,65,0,0,-1,-1,-1,37.11
630565513254291afa379d51,66,0,-1,-1,1,0,36.19
630565713254291afa379d53,68.5,0,-1,-1,1,0,35.75
6305658f3254291afa379d55,71,0,-1,-1,1,0,35.69
630565ad3254291afa379d57,70.5,0,-1,-1,1,0,35.87
630565cc3254291afa379d59,69.5,0,-1,-1,1,0,36.11
630565ea3254291afa379d5b,69.5,0,-1,-1,1,0,36.43
6305660a3254291afa379d5d,67.5,0,0,-1,-1,-1,36.71
630566293254291afa379d5f,67,0,0,-1,-1,-1,36.99
6306a5eb5c71fb34665e9d8e,63.5,0,1,-1,0,1,36.19
6306a6095c71fb34665e9d90,62.5,0,0,-1,-1,-1,35.59
6306a6285c71fb34665e9d92,64,0,-1,-1,1,0,34.89
6306a6475c71fb34665e9d94,65.5,0,-1,-1,1,0,34.51
6306a6665c71fb34665e9d96,66.5,0,-1,-1,1,0,34.57
6306a88c5865258e7d0b639e,64,0,1,-1,0,1,36.03
6306acb75903a81e2325ca6f,69.5,0,-1,-1,1,0,33.75
6306acd65903a81e2325ca71,68.5,0,0,-1,-1,-1,34.09
6306acf45903a81e2325ca73,67.5,0,0,-1,-1,-1,34.49
6306ad135903a81e2325ca75,65,0,0,-1,-1,-1,34.89
6306ad325903a81e2325ca77,64.5,0,0,-1,-1,-1,35.27
6306ad515903a81e2325ca79,63.5,0,0,-1,-1,-1,35.65
6306ad705903a81e2325ca7b,63,0,0,-1,-1,-1,35.91
6306ad8e5903a81e2325ca7d,62.5,0,1,-1,0,1,36.19
6306adad5903a81e2325ca7f,62,0,1,-1,0,1,36.67
6306adcc5903a81e2325ca81,61.5,0,1,-1,0,1,36.15
6306adeb5903a81e2325ca83,62.5,0,0,-1,-1,-1,35.29
6306ae095903a81e2325ca85,64.5,0,0,-1,-1,-1,34.43
6306ae285903a81e2325ca87,66.5,0,-1,-1,1,0,33.57
6306ae475903a81e2325ca89,68,0,-1,-1,1,0,33.29
6306ae665903a81e2325ca8b,70,0,-1,-1,1,0,33.37
6306ae855903a81e2325ca8d,70,0,-1,-1,1,0,33.63
6306aea35903a81e2325ca8f,68.5,0,0,-1,-1,-1,34.01
6306aec25903a81e2325ca91,66.5,0,0,-1,-1,-1,34.35
6306aee05903a81e2325ca93,66.5,0,0,-1,-1,-1,34.71
6306af005903a81e2325ca95,65.5,0,0,-1,-1,-1,35.05
6306af1e5903a81e2325ca97,63.5,0,0,-1,-1,-1,35.31
6306af3d5903a81e2325ca99,63.5,0,0,-1,-1,-1,35.61
6306af5c5903a81e2325ca9b,63.5,0,0,-1,-1,-1,35.87
6306af7b5903a81e2325ca9d,62,0,1,-1,0,1,36.05
6306af995903a81e2325ca9f,62.5,0,1,-1,0,1,36.53
6306afb85903a81e2325caa1,62.5,0,1,-1,0,1,36.01
6306afd75903a81e2325caa3,63,0,0,-1,-1,-1,35.11
6306aff65903a81e2325caa5,65,0,0,-1,-1,-1,34.23
6306b0155903a81e2325caa7,67.5,0,-1,-1,1,0,33.41
6306b0345903a81e2325caa9,69,0,-1,-1,1,0,33.09
6306b0525903a81e2325caab,71,0,-1,-1,1,0,33.19
6306b0715903a81e2325caad,70.5,0,-1,-1,1,0,33.51
6306b08f5903a81e2325caaf,70,0,-1,-1,1,0,33.85
6306b0ae5903a81e2325cab1,68,0,0,-1,-1,-1,34.25
6306b0cd5903a81e2325cab3,67.5,0,0,-1,-1,-1,34.63
6306b0ec5903a81e2325cab5,66,0,0,-1,-1,-1,34.95
6306b10a5903a81e2325cab7,65.5,0,0,-1,-1,-1,35.29
6306b1295903a81e2325cab9,64.5,0,0,-1,-1,-1,35.57
6306b1485903a81e2325cabb,64,0,0,-1,-1,-1,35.81
6306b1675903a81e2325cabd,63.5,0,1,-1,0,1,36.03
6306b1865903a81e2325cabf,63.5,0,1,-1,0,1,36.47
6306b1a45903a81e2325cac1,63,0,0,-1,-1,-1,35.99
6306b1c35903a81e2325cac3,63.5,0,0,-1,-1,-1,35.11
6306b1e25903a81e2325cac5,65.5,0,0,-1,-1,-1,34.21
6306b2015903a81e2325cac7,67.5,0,-1,-1,1,0,33.41
6306b21f5903a81e2325cac9,69.5,0,-1,-1,1,0,33.11
6306b23e5903a81e2325cacb,71.5,0,-1,-1,1,0,33.17
6306b25e5903a81e2325cacd,71,0,-1,-1,1,0,33.47
6306b27c5903a81e2325cacf,70,0,-1,-1,1,0,33.91
6306b29b5903a81e2325cad1,68,0,0,-1,-1,-1,34.25
6306b2b95903a81e2325cad3,67.5,0,0,-1,-1,-1,34.67
6306b2d85903a81e2325cad5,66,0,0,-1,-1,-1,35.01
6306b2f75903a81e2325cad7,66,0,0,-1,-1,-1,35.29
6306b3165903a81e2325cad9,65.5,0,0,-1,-1,-1,35.55
6306b3345903a81e2325cadb,64,0,0,-1,-1,-1,35.83
6306b3535903a81e2325cadd,65,0,1,-1,0,1,36.01
6306b3725903a81e2325cadf,64,0,1,-1,0,1,36.45
6306b3915903a81e2325cae1,63.5,0,0,-1,-1,-1,35.91
6306b3b05903a81e2325cae3,64,0,0,-1,-1,-1,35.13
6306b3ce5903a81e2325cae5,66.5,0,0,-1,-1,-1,34.21
6306b3ed5903a81e2325cae7,67.5,0,-1,-1,1,0,33.43
6306b40c5903a81e2325cae9,70,0,-1,-1,1,0,33.11
6306b42b5903a81e2325caeb,71.5,0,-1,-1,1,0,33.21
6306b4495903a81e2325caed,71,0,-1,-1,1,0,33.47
6306b4685903a81e2325caef,70,0,-1,-1,1,0,33.85
6306b4875903a81e2325caf1,68,0,0,-1,-1,-1,34.25
6306b4a65903a81e2325caf3,67,0,0,-1,-1,-1,34.63
6306b4c55903a81e2325caf5,67,0,0,-1,-1,-1,34.95
6306b4e35903a81e2325caf7,66,0,0,-1,-1,-1,35.25
6306b5025903a81e2325caf9,65.5,0,0,-1,-1,-1,35.53
6306b5215903a81e2325cafb,65,0,0,-1,-1,-1,35.73
6306b53f5903a81e2325cafd,64,0,0,-1,-1,-1,35.95
6306b55e5903a81e2325caff,64.5,0,1,-1,0,1,36.13
6306b57e5903a81e2325cb01,64,0,1,-1,0,1,36.55
6306b59c5903a81e2325cb03,63.5,0,1,-1,0,1,36.05
6306b5bb5903a81e2325cb05,64,0,0,-1,-1,-1,35.17
6306b5d95903a81e2325cb07,66,0,0,-1,-1,-1,34.35
6306b5f85903a81e2325cb09,68,0,-1,-1,1,0,33.51
6306b6175903a81e2325cb0b,70,0,-1,-1,1,0,33.19
6306b6365903a81e2325cb0d,72,0,-1,-1,1,0,33.29
6306b6555903a81e2325cb0f,71.5,0,-1,-1,1,0,33.53
6306b6745903a81e2325cb11,70,0,-1,-1,1,0,33.93
6306b6925903a81e2325cb13,68.5,0,0,-1,-1,-1,34.31
6306b6b15903a81e2325cb15,67.5,0,0,-1,-1,-1,34.61
6306b6d05903a81e2325cb17,67.5,0,0,-1,-1,-1,35.01
6306b6ef5903a81e2325cb19,66.5,0,0,-1,-1,-1,35.27
6306b70d5903a81e2325cb1b,66,0,0,-1,-1,-1,35.53
6306b72c5903a81e2325cb1d,65,0,0,-1,-1,-1,35.77
6306b74b5903a81e2325cb1f,65,0,0,-1,-1,-1,35.99
6306b7695903a81e2325cb21,64,0,1,-1,0,1,36.15
6306b7885903a81e2325cb23,63.5,0,1,-1,0,1,36.63
6306b7a75903a81e2325cb25,63.5,0,1,-1,0,1,36.15
6306b7c65903a81e2325cb27,64.5,0,0,-1,-1,-1,35.27
6306b7e55903a81e2325cb29,66.5,0,0,-1,-1,-1,34.35
6306b8035903a81e2325cb2b,68,0,-1,-1,1,0,33.57
6306b8225903a81e2325cb2d,70,0,-1,-1,1,0,33.21
6306b8415903a81e2325cb2f,72,0,-1,-1,1,0,33.29
6306b8605903a81e2325cb31,72,0,-1,-1,1,0,33.57
6306b87f5903a81e2325cb33,70.5,0,-1,-1,1,0,33.93
6306b89d5903a81e2325cb35,69,0,0,-1,-1,-1,34.37
6306b8bc5903a81e2325cb37,68.5,0,0,-1,-1,-1,34.65
6306b8db5903a81e2325cb39,68,0,0,-1,-1,-1,35.03
6306b8fa5903a81e2325cb3b,66,0,0,-1,-1,-1,35.35
6306b9185903a81e2325cb3d,66,0,0,-1,-1,-1,35.57
6306b9375903a81e2325cb3f,65.5,0,0,-1,-1,-1,35.83
6306b9565903a81e2325cb41,65,0,0,-1,-1,-1,35.99
6306b9755903a81e2325cb43,64.5,0,1,-1,0,1,36.21
6306b9935903a81e2325cb45,64,0,1,-1,0,1,36.65
6306b9b25903a81e2325cb47,63.5,0,1,-1,0,1,36.15
6306b9d15903a81e2325cb49,64.5,0,0,-1,-1,-1,35.29
6306b9f05903a81e2325cb4b,66.5,0,0,-1,-1,-1,34.43
6306ba0f5903a81e2325cb4d,68.5,0,-1,-1,1,0,33.61
6306ba2e5903a81e2325cb4f,70,0,-1,-1,1,0,33.39
6306ba4c5903a81e2325cb51,72,0,-1,-1,1,0,33.41
6306ba6b5903a81e2325cb53,71.5,0,-1,-1,1,0,33.71
6306ba8a5903a81e2325cb55,70,0,0,-1,-1,-1,34.07
6306baa85903a81e2325cb57,68.5,0,0,-1,-1,-1,34.43
6306bac75903a81e2325cb59,67.5,0,0,-1,-1,-1,34.81
6306bae65903a81e2325cb5b,67,0,0,-1,-1,-1,35.07
6306bb055903a81e2325cb5d,66,0,0,-1,-1,-1,35.45
6306bb245903a81e2325cb5f,66,0,0,-1,-1,-1,35.69
6306bb425903a81e2325cb61,65.5,0,0,-1,-1,-1,35.91
6306bb615903a81e2325cb63,65,0,1,-1,0,1,36.09
6306bb805903a81e2325cb65,64.5,0,1,-1,0,1,36.53
6306bb9f5903a81e2325cb67,63.5,0,1,-1,0,1,36.03
6306bbbd5903a81e2325cb69,64.5,0,0,-1,-1,-1,35.19
6306bbdc5903a81e2325cb6b,66.5,0,0,-1,-1,-1,34.37
6306bbfb5903a81e2325cb6d,68.5,0,-1,-1,1,0,33.59
6306bc1a5903a81e2325cb6f,70,0,-1,-1,1,0,33.27
6306bc395903a81e2325cb71,72,0,-1,-1,1,0,33.31
6306bc575903a81e2325cb73,71.5,0,-1,-1,1,0,33.63
6306bc765903a81e2325cb75,70,0,0,-1,-1,-1,34.01
6306bc955903a81e2325cb77,69,0,0,-1,-1,-1,34.43
6306bcb35903a81e2325cb79,68.5,0,0,-1,-1,-1,34.81
6306bcd25903a81e2325cb7b,66.5,0,0,-1,-1,-1,35.17
6306bcf15903a81e2325cb7d,66.5,0,0,-1,-1,-1,35.41
6306bd105903a81e2325cb7f,66,0,0,-1,-1,-1,35.73
6306bd2f5903a81e2325cb81,64.5,0,0,-1,-1,-1,35.93
6306bd4d5903a81e2325cb83,64.5,0,1,-1,0,1,36.19
6306bd6c5903a81e2325cb85,65,0,1,-1,0,1,36.67
6306bd8b5903a81e2325cb87,64,0,1,-1,0,1,36.15
6306bdaa5903a81e2325cb89,64.5,0,0,-1,-1,-1,35.31
6306bdc85903a81e2325cb8b,66,0,0,-1,-1,-1,34.49
6306bde75903a81e2325cb8d,68.5,0,-1,-1,1,0,33.65
6306be065903a81e2325cb8f,70,0,-1,-1,1,0,33.39
6306be255903a81e2325cb91,72,0,-1,-1,1,0,33.41
6306be435903a81e2325cb93,71.5,0,-1,-1,1,0,33.71
6306be625903a81e2325cb95,70,0,0,-1,-1,-1,34.09
6306be815903a81e2325cb97,69,0,0,-1,-1,-1,34.43
6306bea05903a81e2325cb99,68,0,0,-1,-1,-1,34.83
6306bebf5903a81e2325cb9b,67,0,0,-1,-1,-1,35.15
6306bedd5903a81e2325cb9d,67,0,0,-1,-1,-1,35.49
6306befc5903a81e2325cb9f,66,0,0,-1,-1,-1,35.73
6306bf1b5903a81e2325cba1,65,0,0,-1,-1,-1,35.95
6306bf3a5903a81e2325cba3,64.5,0,1,-1,0,1,36.21
6306bf585903a81e2325cba5,64.5,0,1,-1,0,1,36.79
6306bf775903a81e2325cba7,63.5,0,1,-1,0,1,36.19
6306bf965903a81e2325cba9,64,0,0,-1,-1,-1,35.33
6306bfb55903a81e2325cbab,66.5,0,0,-1,-1,-1,34.49
6306bfd45903a81e2325cbad,67.5,0,-1,-1,1,0,33.71
6306bff25903a81e2325cbaf,70.5,0,-1,-1,1,0,33.39
6306c0125903a81e2325cbb1,71.5,0,-1,-1,1,0,33.43
6306c0305903a81e2325cbb3,71.5,0,-1,-1,1,0,33.75
6306c04f5903a81e2325cbb5,70,0,0,-1,-1,-1,34.13
6306c06d5903a81e2325cbb7,68,0,0,-1,-1,-1,34.49
6306c08c5903a81e2325cbb9,67.5,0,0,-1,-1,-1,34.89
6306c0ab5903a81e2325cbbb,67,0,0,-1,-1,-1,35.25
6306c0ca5903a81e2325cbbd,65.5,0,0,-1,-1,-1,35.53
6306c0e95903a81e2325cbbf,64,0,0,-1,-1,-1,35.83
6306c1075903a81e2325cbc1,65,0,1,-1,0,1,36.13
6306c1265903a81e2325cbc3,64.5,0,1,-1,0,1,36.61
6306c1455903a81e2325cbc5,63.5,0,1,-1,0,1,36.17
6306c1645903a81e2325cbc7,64,0,0,-1,-1,-1,35.31
6306c1825903a81e2325cbc9,66.5,0,0,-1,-1,-1,34.43
6306c1a15903a81e2325cbcb,68.5,0,-1,-1,1,0,33.63
6306c1c05903a81e2325cbcd,70,0,-1,-1,1,0,33.37
6306c1df5903a81e2325cbcf,72,0,-1,-1,1,0,33.39
6306c1fd5903a81e2325cbd1,71.5,0,-1,-1,1,0,33.73
6306c21c5903a81e2325cbd3,70,0,0,-1,-1,-1,34.09
6306c23b5903a81e2325cbd5,69,0,0,-1,-1,-1,34.47
6306c25a5903a81e2325cbd7,67,0,0,-1,-1,-1,34.87
6306c2795903a81e2325cbd9,67,0,0,-1,-1,-1,35.19
6306c2985903a81e2325cbdb,66,0,0,-1,-1,-1,35.51
6306c2b65903a81e2325cbdd,65.5,0,0,-1,-1,-1,35.77
6306c2d55903a81e2325cbdf,65,0,0,-1,-1,-1,35.99
6306c2f45903a81e2325cbe1,64.5,0,1,-1,0,1,36.21
6306c3125903a81e2325cbe3,64,0,1,-1,0,1,36.67
6306c3315903a81e2325cbe5,63.5,0,1,-1,0,1,36.17
6306c3505903a81e2325cbe7,64,0,0,-1,-1,-1,35.27
6306c36f5903a81e2325cbe9,66,0,0,-1,-1,-1,34.41
6306c38e5903a81e2325cbeb,68,0,-1,-1,1,0,33.63
6306c3ad5903a81e2325cbed,70,0,-1,-1,1,0,33.35
6306c3cc5903a81e2325cbef,72,0,-1,-1,1,0,33.41
6306c3ea5903a81e2325cbf1,71.5,0,-1,-1,1,0,33.71
6306c4095903a81e2325cbf3,69.5,0,0,-1,-1,-1,34.15
6306c4275903a81e2325cbf5,68,0,0,-1,-1,-1,34.47
6306c4465903a81e2325cbf7,67.5,0,0,-1,-1,-1,34.87
6306c4655903a81e2325cbf9,66,0,0,-1,-1,-1,35.23
6306c4845903a81e2325cbfb,65.5,0,0,-1,-1,-1,35.51
6306c4a35903a81e2325cbfd,65.5,0,0,-1,-1,-1,35.75
6306c4c15903a81e2325cbff,64,0,0,-1,-1,-1,35.99
6306c4e05903a81e2325cc01,64,0,1,-1,0,1,36.25
6306c4ff5903a81e2325cc03,63.5,0,1,-1,0,1,36.65
6306c51e5903a81e2325cc05,63.5,0,1,-1,0,1,36.21
6306c53c5903a81e2325cc07,64,0,0,-1,-1,-1,35.29
6306c55b5903a81e2325cc09,66.5,0,0,-1,-1,-1,34.49
6306c57a5903a81e2325cc0b,68.5,0,-1,-1,1,0,33.71
6306c5995903a81e2325cc0d,70,0,-1,-1,1,0,33.35
6306c5b75903a81e2325cc0f,71.5,0,-1,-1,1,0,33.43
6306c5d75903a81e2325cc11,71,0,-1,-1,1,0,33.81
6306c5f55903a81e2325cc13,70.5,0,0,-1,-1,-1,34.09
6306c6145903a81e2325cc15,68.5,0,0,-1,-1,-1,34.57
6306c6335903a81e2325cc17,67,0,0,-1,-1,-1,34.89
6306c6515903a81e2325cc19,66,0,0,-1,-1,-1,35.25
6306c6705903a81e2325cc1b,65.5,0,0,-1,-1,-1,35.53
6306c68f5903a81e2325cc1d,65.5,0,0,-1,-1,-1,35.87
6306c6ae5903a81e2325cc1f,64.5,0,1,-1,0,1,36.11
6306c6cd5903a81e2325cc21,63.5,0,1,-1,0,1,36.53
6306c6eb5903a81e2325cc23,63.5,0,1,-1,0,1,36.11
6306c70a5903a81e2325cc25,64,0,0,-1,-1,-1,35.23
6306c7295903a81e2325cc27,66.5,0,0,-1,-1,-1,34.39
6306c7475903a81e2325cc29,68,0,-1,-1,1,0,33.65
6306c7675903a81e2325cc2b,69.5,0,-1,-1,1,0,33.33
6306c7855903a81e2325cc2d,71.5,0,-1,-1,1,0,33.39
6306c7a45903a81e2325cc2f,71,0,-1,-1,1,0,33.79
6306c7c35903a81e2325cc31,70,0,0,-1,-1,-1,34.13
6306c7e25903a81e2325cc33,67.5,0,0,-1,-1,-1,34.45
6306c8005903a81e2325cc35,67,0,0,-1,-1,-1,34.89
6306c81f5903a81e2325cc37,65.5,0,0,-1,-1,-1,35.19
6306c83e5903a81e2325cc39,66,0,0,-1,-1,-1,35.51
6306c85d5903a81e2325cc3b,65.5,0,0,-1,-1,-1,35.75
6306c87b5903a81e2325cc3d,65.5,0,0,-1,-1,-1,35.99
6306c89a5903a81e2325cc3f,64,0,1,-1,0,1,36.21
6306c8b95903a81e2325cc41,63.5,0,1,-1,0,1,36.71
6306c8d85903a81e2325cc43,63.5,0,1,-1,0,1,36.17
6306c8f65903a81e2325cc45,64,0,0,-1,-1,-1,35.33
6306c9155903a81e2325cc47,65.5,0,0,-1,-1,-1,34.51
6306c9345903a81e2325cc49,68,0,-1,-1,1,0,33.69
6306c9535903a81e2325cc4b,69.5,0,-1,-1,1,0,33.39
6306c9725903a81e2325cc4d,71.5,0,-1,-1,1,0,33.53
6306c9905903a81e2325cc4f,71,0,-1,-1,1,0,33.77
6306c9af5903a81e2325cc51,70,0,0,-1,-1,-1,34.15
6306c9ce5903a81e2325cc53,68,0,0,-1,-1,-1,34.51
6306c9ec5903a81e2325cc55,67,0,0,-1,-1,-1,34.93
6306ca0b5903a81e2325cc57,67,0,0,-1,-1,-1,35.25
6306ca2b5903a81e2325cc59,64.5,0,0,-1,-1,-1,35.57
6306ca495903a81e2325cc5b,65.5,0,0,-1,-1,-1,35.87
6306ca685903a81e2325cc5d,64,0,1,-1,0,1,36.11
6306ca865903a81e2325cc5f,64,0,1,-1,0,1,36.59
6306caa55903a81e2325cc61,63.5,0,1,-1,0,1,36.17
6306cac45903a81e2325cc63,64,0,0,-1,-1,-1,35.25
6306cae35903a81e2325cc65,66.5,0,0,-1,-1,-1,34.39
6306cb025903a81e2325cc67,68.5,0,-1,-1,1,0,33.71
6306cb205903a81e2325cc69,70,0,-1,-1,1,0,33.29
6306cb3f5903a81e2325cc6b,71,0,-1,-1,1,0,33.41
6306cb5e5903a81e2325cc6d,71,0,-1,-1,1,0,33.75
6306cb7d5903a81e2325cc6f,69.5,0,0,-1,-1,-1,34.05
6306cb9c5903a81e2325cc71,68,0,0,-1,-1,-1,34.49
6306cbba5903a81e2325cc73,67,0,0,-1,-1,-1,34.85
6306cbd95903a81e2325cc75,65.5,0,0,-1,-1,-1,35.19
6306cbf85903a81e2325cc77,65,0,0,-1,-1,-1,35.51
6306cc175903a81e2325cc79,65.5,0,0,-1,-1,-1,35.79
6306cc355903a81e2325cc7b,64.5,0,1,-1,0,1,36.01
6306cc545903a81e2325cc7d,64,0,1,-1,0,1,36.53
6306cc735903a81e2325cc7f,63.5,0,1,-1,0,1,36.11
6306cc925903a81e2325cc81,64,0,0,-1,-1,-1,35.29
6306ccb15903a81e2325cc83,66.5,0,0,-1,-1,-1,34.39
6306ccd05903a81e2325cc85,67.5,0,-1,-1,1,0,33.59
6306ccef5903a81e2325cc87,70,0,-1,-1,1,0,33.31
6306cd0d5903a81e2325cc89,71,0,-1,-1,1,0,33.33
6306cd2b5903a81e2325cc8b,71,0,-1,-1,1,0,33.61
6306cd4a5903a81e2325cc8d,69.5,0,0,-1,-1,-1,34.05
6306cd695903a81e2325cc8f,68,0,0,-1,-1,-1,34.39
6306cd885903a81e2325cc91,67.5,0,0,-1,-1,-1,34.83
6306cda75903a81e2325cc93,66,0,0,-1,-1,-1,35.13
6306cdc65903a81e2325cc95,65.5,0,0,-1,-1,-1,35.47
6306cde45903a81e2325cc97,65,0,0,-1,-1,-1,35.73
6306ce035903a81e2325cc99,65,0,0,-1,-1,-1,35.95
6306ce225903a81e2325cc9b,63,0,1,-1,0,1,36.19
6306ce405903a81e2325cc9d,63.5,0,1,-1,0,1,36.69
6306ce5f5903a81e2325cc9f,63.5,0,1,-1,0,1,36.25
6306ce7e5903a81e2325cca1,64,0,0,-1,-1,-1,35.33
6306ce9d5903a81e2325cca3,65,0,0,-1,-1,-1,34.43
6306cebc5903a81e2325cca5,68,0,-1,-1,1,0,33.69
6306ceda5903a81e2325cca7,69.5,0,-1,-1,1,0,33.39
6306cef95903a81e2325cca9,71,0,-1,-1,1,0,33.41
6306cf185903a81e2325ccab,71,0,-1,-1,1,0,33.73
6306cf375903a81e2325ccad,69.5,0,0,-1,-1,-1,34.13
6306cf565903a81e2325ccaf,68.5,0,0,-1,-1,-1,34.51
6306cf745903a81e2325ccb1,66.5,0,0,-1,-1,-1,34.91
6306cf935903a81e2325ccb3,66,0,0,-1,-1,-1,35.25
6306cfb25903a81e2325ccb5,66,0,0,-1,-1,-1,35.55
6306cfd05903a81e2325ccb7,64,0,0,-1,-1,-1,35.77
6306cfef5903a81e2325ccb9,64,0,1,-1,0,1,36.05
6306d00e5903a81e2325ccbb,64,0,1,-1,0,1,36.61
6306d02d5903a81e2325ccbd,63.5,0,1,-1,0,1,36.15
6306d04c5903a81e2325ccbf,64,0,0,-1,-1,-1,35.31
6306d06a5903a81e2325ccc1,66.5,0,0,-1,-1,-1,34.43
6306d0895903a81e2325ccc3,68.5,0,-1,-1,1,0,33.61
6306d0a85903a81e2325ccc5,70,0,-1,-1,1,0,33.29
6306d0c75903a81e2325ccc7,71.5,0,-1,-1,1,0,33.41
6306d0e65903a81e2325ccc9,71,0,-1,-1,1,0,33.69
6306d1055903a81e2325cccb,69.5,0,0,-1,-1,-1,34.09
6306d1235903a81e2325cccd,68,0,0,-1,-1,-1,34.49
6306d1425903a81e2325cccf,67,0,0,-1,-1,-1,34.87
6306d1615903a81e2325ccd1,67,0,0,-1,-1,-1,35.17
6306d1805903a81e2325ccd3,65,0,0,-1,-1,-1,35.49
6306d19e5903a81e2325ccd5,65,0,0,-1,-1,-1,35.81
6306d1bd5903a81e2325ccd7,65,0,1,-1,0,1,36.05
6306d1dc5903a81e2325ccd9,64.5,0,1,-1,0,1,36.55
6306d1fa5903a81e2325ccdb,63.5,0,1,-1,0,1,36.09
6306d21a5903a81e2325ccdd,64,0,0,-1,-1,-1,35.29
6306d2385903a81e2325ccdf,66.5,0,0,-1,-1,-1,34.39
6306d2585903a81e2325cce1,67.5,0,-1,-1,1,0,33.55
6306d2755903a81e2325cce3,70,0,-1,-1,1,0,33.27
6306d2955903a81e2325cce5,71.5,0,-1,-1,1,0,33.37
6306d2b45903a81e2325cce7,71,0,-1,-1,1,0,33.63
6306d2d25903a81e2325cce9,69.5,0,0,-1,-1,-1,34.03
6306d2f15903a81e2325cceb,67.5,0,0,-1,-1,-1,34.45
6306d30f5903a81e2325cced,67,0,0,-1,-1,-1,34.87
6306d32e5903a81e2325ccef,66,0,0,-1,-1,-1,35.17
6306d34d5903a81e2325ccf1,65.5,0,0,-1,-1,-1,35.49
6306d36c5903a81e2325ccf3,64.5,0,0,-1,-1,-1,35.75
6306d38b5903a81e2325ccf5,64.5,0,1,-1,0,1,36.01
6306d3aa5903a81e2325ccf7,64.5,0,1,-1,0,1,36.47
6306d3c85903a81e2325ccf9,63.5,0,0,-1,-1,-1,35.97
6306d3e75903a81e2325ccfb,64,0,0,-1,-1,-1,35.19
6306d4065903a81e2325ccfd,66,0,0,-1,-1,-1,34.29
6306d4255903a81e2325ccff,68,0,-1,-1,1,0,33.55
6306d4445903a81e2325cd01,69.5,0,-1,-1,1,0,33.19
6306d4625903a81e2325cd03,71.5,0,-1,-1,1,0,33.33
6306d4805903a81e2325cd05,71,0,-1,-1,1,0,33.63
6306d49f5903a81e2325cd07,69.5,0,0,-1,-1,-1,34.03
6306d4be5903a81e2325cd09,67.5,0,0,-1,-1,-1,34.37
6306d4dd5903a81e2325cd0b,66.5,0,0,-1,-1,-1,34.81
6306d4fc5903a81e2325cd0d,66,0,0,-1,-1,-1,35.13
6306d51b5903a81e2325cd0f,66.5,0,0,-1,-1,-1,35.45
6306d5395903a81e2325cd11,65,0,0,-1,-1,-1,35.77
6306d5585903a81e2325cd13,64.5,0,1,-1,0,1,36.01
6306d5775903a81e2325cd15,64,0,1,-1,0,1,36.55
6306d5965903a81e2325cd17,63.5,0,1,-1,0,1,36.05
6306d5b45903a81e2325cd19,64,0,0,-1,-1,-1,35.17
6306d5d35903a81e2325cd1b,66.5,0,0,-1,-1,-1,34.27
6306d5f25903a81e2325cd1d,68,0,-1,-1,1,0,33.57
6306d6115903a81e2325cd1f,69.5,0,-1,-1,1,0,33.19
6306d62f5903a81e2325cd21,72,0,-1,-1,1,0,33.33
6306d64f5903a81e2325cd23,71,0,-1,-1,1,0,33.59
6306d66d5903a81e2325cd25,69,0,-1,-1,1,0,33.97
6306d68c5903a81e2325cd27,68,0,0,-1,-1,-1,34.37
6306d6ab5903a81e2325cd29,66.5,0,0,-1,-1,-1,34.73
6306d6c95903a81e2325cd2b,65.5,0,0,-1,-1,-1,35.11
6306d6e85903a81e2325cd2d,66,0,0,-1,-1,-1,35.41
6306d7075903a81e2325cd2f,65,0,0,-1,-1,-1,35.69
6306d7265903a81e2325cd31,65.5,0,0,-1,-1,-1,35.93
6306d7455903a81e2325cd33,64,0,1,-1,0,1,36.13
6306d7635903a81e2325cd35,64,0,1,-1,0,1,36.59
6306d7825903a81e2325cd37,63,0,1,-1,0,1,36.11
6306d7a15903a81e2325cd39,64,0,0,-1,-1,-1,35.27
6306d7c05903a81e2325cd3b,65,0,0,-1,-1,-1,34.35
6306d7df5903a81e2325cd3d,67,0,-1,-1,1,0,33.55
6306d7fd5903a81e2325cd3f,69.5,0,-1,-1,1,0,33.25
6306d81c5903a81e2325cd41,71.5,0,-1,-1,1,0,33.31
6306d83b5903a81e2325cd43,70.5,0,-1,-1,1,0,33.63
6306d85a5903a81e2325cd45,69,0,0,-1,-1,-1,34.05
6306d8785903a81e2325cd47,68,0,0,-1,-1,-1,34.41
6306d8975903a81e2325cd49,66.5,0,0,-1,-1,-1,34.79
6306d8b65903a81e2325cd4b,65.5,0,0,-1,-1,-1,35.15
6306d8d55903a81e2325cd4d,66,0,0,-1,-1,-1,35.41
6306d8f35903a81e2325cd4f,65,0,0,-1,-1,-1,35.71
6306d9125903a81e2325cd51,64.5,0,0,-1,-1,-1,35.95
6306d9315903a81e2325cd53,64.5,0,1,-1,0,1,36.17
6306d94f5903a81e2325cd55,64,0,1,-1,0,1,36.67
6306d96f5903a81e2325cd57,63,0,1,-1,0,1,36.17
6306d98d5903a81e2325cd59,64,0,0,-1,-1,-1,35.29
6306d9ac5903a81e2325cd5b,66,0,0,-1,-1,-1,34.39
6306d9cb5903a81e2325cd5d,67,0,-1,-1,1,0,33.65
6306d9ea5903a81e2325cd5f,69.5,0,-1,-1,1,0,33.31
6306da085903a81e2325cd61,71.5,0,-1,-1,1,0,33.39
6306da275903a81e2325cd63,71,0,-1,-1,1,0,33.69
6306da465903a81e2325cd65,69.5,0,0,-1,-1,-1,34.03
6306da655903a81e2325cd67,68,0,0,-1,-1,-1,34.41
6306da835903a81e2325cd69,66.5,0,0,-1,-1,-1,34.75
6306daa25903a81e2325cd6b,66,0,0,-1,-1,-1,35.11
6306dac15903a81e2325cd6d,64.5,0,0,-1,-1,-1,35.41
6306dae05903a81e2325cd6f,64.5,0,0,-1,-1,-1,35.69
6306daff5903a81e2325cd71,65,0,0,-1,-1,-1,35.93
6306db1e5903a81e2325cd73,63,0,1,-1,0,1,36.15
6306db3c5903a81e2325cd75,63.5,0,1,-1,0,1,36.61
6306db5b5903a81e2325cd77,63,0,1,-1,0,1,36.05
6306db795903a81e2325cd79,64,0,0,-1,-1,-1,35.25
6306db985903a81e2325cd7b,66,0,0,-1,-1,-1,34.35
6306dbb75903a81e2325cd7d,67.5,0,-1,-1,1,0,33.57
6306dbd65903a81e2325cd7f,69.5,0,-1,-1,1,0,33.25
6306dbf55903a81e2325cd81,71.5,0,-1,-1,1,0,33.33
6306dc135903a81e2325cd83,70.5,0,-1,-1,1,0,33.59
6306dc335903a81e2325cd85,69.5,0,-1,-1,1,0,33.97
6306dc515903a81e2325cd87,68,0,0,-1,-1,-1,34.39
6306dc705903a81e2325cd89,67,0,0,-1,-1,-1,34.75
6306dc8e5903a81e2325cd8b,67,0,0,-1,-1,-1,35.09
6306dcad5903a81e2325cd8d,66,0,0,-1,-1,-1,35.41
6306dccc5903a81e2325cd8f,65.5,0,0,-1,-1,-1,35.73
6306dceb5903a81e2325cd91,64.5,0,0,-1,-1,-1,35.95
6306dd0a5903a81e2325cd93,64.5,0,1,-1,0,1,36.21
6306dd285903a81e2325cd95,64,0,1,-1,0,1,36.61
6306dd475903a81e2325cd97,63.5,0,1,-1,0,1,36.09
6306dd665903a81e2325cd99,64,0,0,-1,-1,-1,35.25
6306dd855903a81e2325cd9b,66.5,0,0,-1,-1,-1,34.35
6306dda35903a81e2325cd9d,67.5,0,-1,-1,1,0,33.53
6306ddc25903a81e2325cd9f,70,0,-1,-1,1,0,33.21
6306dde15903a81e2325cda1,72,0,-1,-1,1,0,33.29
6306de005903a81e2325cda3,71,0,-1,-1,1,0,33.59
6306de1e5903a81e2325cda5,70,0,-1,-1,1,0,33.95
6306de3d5903a81e2325cda7,68,0,0,-1,-1,-1,34.35
6306de5c5903a81e2325cda9,68,0,0,-1,-1,-1,34.75
6306de7b5903a81e2325cdab,67,0,0,-1,-1,-1,35.07
6306de995903a81e2325cdad,65.5,0,0,-1,-1,-1,35.37
6306deb95903a81e2325cdaf,65,0,0,-1,-1,-1,35.61
6306ded75903a81e2325cdb1,65,0,0,-1,-1,-1,35.81
6306def65903a81e2325cdb3,65,0,1,-1,0,1,36.01
6306df155903a81e2325cdb5,64.5,0,1,-1,0,1,36.43
6306df345903a81e2325cdb7,63.5,0,0,-1,-1,-1,35.95
6306df525903a81e2325cdb9,64.5,0,0,-1,-1,-1,35.07
6306df715903a81e2325cdbb,66.5,0,0,-1,-1,-1,34.15
6306df905903a81e2325cdbd,68,0,-1,-1,1,0,33.39
6306dfae5903a81e2325cdbf,70,0,-1,-1,1,0,33.09
6306dfce5903a81e2325cdc1,72,0,-1,-1,1,0,33.15
6306dfec5903a81e2325cdc3,72,0,-1,-1,1,0,33.41
6306e00b5903a81e2325cdc5,71,0,-1,-1,1,0,33.77
6306e02a5903a81e2325cdc7,69.5,0,0,-1,-1,-1,34.17
6306e0485903a81e2325cdc9,67.5,0,0,-1,-1,-1,34.49
6306e0675903a81e2325cdcb,67,0,0,-1,-1,-1,34.79
6306e0865903a81e2325cdcd,66,0,0,-1,-1,-1,35.09
6306e0a45903a81e2325cdcf,66,0,0,-1,-1,-1,35.39
6306e0c45903a81e2325cdd1,65,0,0,-1,-1,-1,35.61
6306e0e25903a81e2325cdd3,65.5,0,0,-1,-1,-1,35.81
6306e1015903a81e2325cdd5,65.5,0,0,-1,-1,-1,35.99
6306e1205903a81e2325cdd7,64.5,0,1,-1,0,1,36.15
6306e13f5903a81e2325cdd9,63.5,0,1,-1,0,1,36.59
6306e15e5903a81e2325cddb,63.5,0,1,-1,0,1,36.05
6306e17c5903a81e2325cddd,64.5,0,0,-1,-1,-1,35.13
6306e19b5903a81e2325cddf,66.5,0,0,-1,-1,-1,34.25
6306e1ba5903a81e2325cde1,69,0,-1,-1,1,0,33.43
6306e1d85903a81e2325cde3,70,0,-1,-1,1,0,33.05
6306e1f75903a81e2325cde5,71.5,0,-1,-1,1,0,33.15
6306e2165903a81e2325cde7,71,0,-1,-1,1,0,33.41
6306e2355903a81e2325cde9,70.5,0,-1,-1,1,0,33.75
6306e2535903a81e2325cdeb,69,0,0,-1,-1,-1,34.13
6306e2725903a81e2325cded,67,0,0,-1,-1,-1,34.51
6306e2915903a81e2325cdef,67,0,0,-1,-1,-1,34.79
6306e2b05903a81e2325cdf1,66.5,0,0,-1,-1,-1,35.09
6306e2ce5903a81e2325cdf3,65.5,0,0,-1,-1,-1,35.37
6306e2ed5903a81e2325cdf5,65.5,0,0,-1,-1,-1,35.57
6306e30c5903a81e2325cdf7,65,0,0,-1,-1,-1,35.75
6306e32b5903a81e2325cdf9,64,0,0,-1,-1,-1,35.95
6306e34a5903a81e2325cdfb,64.5,0,1,-1,0,1,36.09
6306e3685903a81e2325cdfd,65,0,1,-1,0,1,36.47
6306e3885903a81e2325cdff,63.5,0,0,-1,-1,-1,35.97
6306e3a65903a81e2325ce01,64.5,0,0,-1,-1,-1,35.09
6306e3c55903a81e2325ce03,66.5,0,0,-1,-1,-1,34.21
6306e3e45903a81e2325ce05,68.5,0,-1,-1,1,0,33.39
6306e4025903a81e2325ce07,70,0,-1,-1,1,0,33.05
6306e4215903a81e2325ce09,72,0,-1,-1,1,0,33.09
6306e4405903a81e2325ce0b,72,0,-1,-1,1,0,33.31
6306e45f5903a81e2325ce0d,70,0,-1,-1,1,0,33.69
6306e47d5903a81e2325ce0f,69,0,0,-1,-1,-1,34.01
6306e49c5903a81e2325ce11,67,0,0,-1,-1,-1,34.37
6306e4bb5903a81e2325ce13,66.5,0,0,-1,-1,-1,34.69
6306e4da5903a81e2325ce15,66,0,0,-1,-1,-1,35.03
6306e4f95903a81e2325ce17,65.5,0,0,-1,-1,-1,35.25
6306e5175903a81e2325ce19,65,0,0,-1,-1,-1,35.49
6306e5365903a81e2325ce1b,65,0,0,-1,-1,-1,35.69
6306e5555903a81e2325ce1d,64,0,0,-1,-1,-1,35.87
6306e5745903a81e2325ce1f,63.5,0,1,-1,0,1,36.05
6306e5935903a81e2325ce21,64,0,1,-1,0,1,36.47
6306e5b15903a81e2325ce23,63.5,0,0,-1,-1,-1,35.91
6306e5d05903a81e2325ce25,64.5,0,0,-1,-1,-1,35.05
6306e5ef5903a81e2325ce27,66,0,0,-1,-1,-1,34.09
6306e60d5903a81e2325ce29,68.5,0,-1,-1,1,0,33.29
6306e62c5903a81e2325ce2b,70,0,-1,-1,1,0,32.91
6306e64b5903a81e2325ce2d,72,0,-1,-1,1,0,32.95
6306e66a5903a81e2325ce2f,71.5,0,-1,-1,1,0,33.27
6306e6895903a81e2325ce31,71,0,-1,-1,1,0,33.59
6306e6a75903a81e2325ce33,69,0,-1,-1,1,0,33.97
6306e6c65903a81e2325ce35,68,0,0,-1,-1,-1,34.35
6306e6e55903a81e2325ce37,67,0,0,-1,-1,-1,34.69
6306e7045903a81e2325ce39,66,0,0,-1,-1,-1,34.97
6306e7235903a81e2325ce3b,65.5,0,0,-1,-1,-1,35.23
6306e7415903a81e2325ce3d,65.5,0,0,-1,-1,-1,35.47
6306e7605903a81e2325ce3f,65,0,0,-1,-1,-1,35.65
6306e77f5903a81e2325ce41,64.5,0,0,-1,-1,-1,35.81
6306e79e5903a81e2325ce43,64.5,0,1,-1,0,1,36.03
6306e7bd5903a81e2325ce45,64,0,1,-1,0,1,36.41
6306e7db5903a81e2325ce47,64.5,0,0,-1,-1,-1,35.83
6306e7fa5903a81e2325ce49,65,0,0,-1,-1,-1,34.91
6306e8195903a81e2325ce4b,66,0,-1,-1,1,0,33.99
6306e8375903a81e2325ce4d,68.5,0,-1,-1,1,0,33.57
6306e8565903a81e2325ce4f,71,0,-1,-1,1,0,33.53
6306e8755903a81e2325ce51,71,0,-1,-1,1,0,33.73
6306e8945903a81e2325ce53,69.5,0,-1,-1,1,0,33.99
6306e8b25903a81e2325ce55,68.5,0,0,-1,-1,-1,34.31
6306e8d25903a81e2325ce57,66.5,0,0,-1,-1,-1,34.67
6306e8f05903a81e2325ce59,66.5,0,0,-1,-1,-1,34.95
6306e90f5903a81e2325ce5b,66.5,0,0,-1,-1,-1,35.15
6306e92d5903a81e2325ce5d,65.5,0,0,-1,-1,-1,35.41
6306e94c5903a81e2325ce5f,64.5,0,0,-1,-1,-1,35.61
6306e96b5903a81e2325ce61,64.5,0,0,-1,-1,-1,35.79
6306e98a5903a81e2325ce63,64.5,0,0,-1,-1,-1,35.99
6306e9a95903a81e2325ce65,64.5,0,1,-1,0,1,36.09
6306e9c75903a81e2325ce67,64,0,1,-1,0,1,36.49
6306e9e65903a81e2325ce69,64,0,0,-1,-1,-1,35.95
6306ea055903a81e2325ce6b,64.5,0,0,-1,-1,-1,35.05
6306ea245903a81e2325ce6d,66.5,0,0,-1,-1,-1,34.09
6306ea435903a81e2325ce6f,68.5,0,-1,-1,1,0,33.33
6306ea625903a81e2325ce71,71,0,-1,-1,1,0,32.91
6306ea805903a81e2325ce73,72.5,0,-1,-1,1,0,32.95
6306ea9f5903a81e2325ce75,72.5,0,-1,-1,1,0,33.25
6306eabe5903a81e2325ce77,71,0,-1,-1,1,0,33.57
6306eadd5903a81e2325ce79,69,0,-1,-1,1,0,33.91
6306eafc5903a81e2325ce7b,68,0,0,-1,-1,-1,34.29
6306eb1a5903a81e2325ce7d,66.5,0,0,-1,-1,-1,34.63
6306eb395903a81e2325ce7f,66.5,0,0,-1,-1,-1,34.87
6306eb585903a81e2325ce81,66,0,0,-1,-1,-1,35.11
6306eb775903a81e2325ce83,64.5,0,0,-1,-1,-1,35.35
6306eb965903a81e2325ce85,65.5,0,0,-1,-1,-1,35.55
6306ebb45903a81e2325ce87,64,0,0,-1,-1,-1,35.73
6306ebd35903a81e2325ce89,64,0,0,-1,-1,-1,35.91
6306ebf25903a81e2325ce8b,65,0,1,-1,0,1,36.01
6306ec105903a81e2325ce8d,64,0,1,-1,0,1,36.41
6306ec2f5903a81e2325ce8f,64,0,0,-1,-1,-1,35.83
6306ec4e5903a81e2325ce91,65,0,0,-1,-1,-1,34.95
6306ec6d5903a81e2325ce93,66.5,0,0,-1,-1,-1,34.01
6306ec8b5903a81e2325ce95,68.5,0,-1,-1,1,0,33.15
6306ecab5903a81e2325ce97,71,0,-1,-1,1,0,32.87
6306ecc95903a81e2325ce99,73,0,-1,-1,1,0,32.87
6306ece85903a81e2325ce9b,72.5,0,-1,-1,1,0,33.15
6306ed065903a81e2325ce9d,71.5,0,-1,-1,1,0,33.53
6306ed255903a81e2325ce9f,68.5,0,-1,-1,1,0,33.91
6306ed445903a81e2325cea1,68.5,0,0,-1,-1,-1,34.23
6306ed635903a81e2325cea3,67,0,0,-1,-1,-1,34.51
6306ed825903a81e2325cea5,67,0,0,-1,-1,-1,34.83
6306eda05903a81e2325cea7,66,0,0,-1,-1,-1,35.09
6306edbf5903a81e2325cea9,65.5,0,0,-1,-1,-1,35.29
6306edde5903a81e2325ceab,65,0,0,-1,-1,-1,35.53
6306edfc5903a81e2325cead,65.5,0,0,-1,-1,-1,35.71
6306ee1b5903a81e2325ceaf,64,0,0,-1,-1,-1,35.89
6306ee3a5903a81e2325ceb1,64.5,0,0,-1,-1,-1,35.99
6306ee595903a81e2325ceb3,65.5,0,1,-1,0,1,36.15
6306ee775903a81e2325ceb5,64,0,1,-1,0,1,36.49
6306ee975903a81e2325ceb7,64,0,0,-1,-1,-1,35.91
6306eeb55903a81e2325ceb9,64.5,0,0,-1,-1,-1,35.03
6306eed45903a81e2325cebb,66.5,0,0,-1,-1,-1,34.05
6306eef35903a81e2325cebd,68.5,0,-1,-1,1,0,33.27
6306ef115903a81e2325cebf,71,0,-1,-1,1,0,32.85
6306ef305903a81e2325cec1,72.5,0,-1,-1,1,0,32.87
6306ef4f5903a81e2325cec3,72,0,-1,-1,1,0,33.13
6306ef6e5903a81e2325cec5,70.5,0,-1,-1,1,0,33.47
6306ef8c5903a81e2325cec7,69,0,-1,-1,1,0,33.91
6306efab5903a81e2325cec9,68.5,0,0,-1,-1,-1,34.17
6306efca5903a81e2325cecb,67,0,0,-1,-1,-1,34.51
6306efe95903a81e2325cecd,67,0,0,-1,-1,-1,34.79
6306f0085903a81e2325cecf,65.5,0,0,-1,-1,-1,35.05
6306f0265903a81e2325ced1,66,0,0,-1,-1,-1,35.27
6306f0455903a81e2325ced3,65.5,0,0,-1,-1,-1,35.47
6306f0645903a81e2325ced5,65.5,0,0,-1,-1,-1,35.61
6306f0835903a81e2325ced7,65.5,0,0,-1,-1,-1,35.77
6306f0a25903a81e2325ced9,64.5,0,0,-1,-1,-1,35.95
6306f0c05903a81e2325cedb,64.5,0,1,-1,0,1,36.05
6306f0df5903a81e2325cedd,64,0,1,-1,0,1,36.43
6306f0fe5903a81e2325cedf,64,0,0,-1,-1,-1,35.81
6306f11d5903a81e2325cee1,65,0,0,-1,-1,-1,34.91
6306f13b5903a81e2325cee3,67,0,-1,-1,1,0,33.97
6306f15a5903a81e2325cee5,69.5,0,-1,-1,1,0,33.51
6306f17a5903a81e2325cee7,71.5,0,-1,-1,1,0,33.47
6306f1985903a81e2325cee9,71,0,-1,-1,1,0,33.71
6306f1b75903a81e2325ceeb,69.5,0,-1,-1,1,0,33.97
6306f1d55903a81e2325ceed,68.5,0,0,-1,-1,-1,34.27
6306f1f45903a81e2325ceef,67.5,0,0,-1,-1,-1,34.59
6306f2135903a81e2325cef1,66.5,0,0,-1,-1,-1,34.85
6306f2325903a81e2325cef3,66.5,0,0,-1,-1,-1,35.09
6306f2515903a81e2325cef5,66,0,0,-1,-1,-1,35.31
6306f26f5903a81e2325cef7,64.5,0,0,-1,-1,-1,35.51
6306f28e5903a81e2325cef9,65,0,0,-1,-1,-1,35.69
6306f2ac5903a81e2325cefb,65.5,0,0,-1,-1,-1,35.79
6306f2cb5903a81e2325cefd,65,0,0,-1,-1,-1,35.95
6306f2ea5903a81e2325ceff,64,0,1,-1,0,1,36.05
6306f3095903a81e2325cf01,64,0,1,-1,0,1,36.43
6306f3285903a81e2325cf03,64,0,0,-1,-1,-1,35.87
6306f3475903a81e2325cf05,64,0,0,-1,-1,-1,34.97
6306f3665903a81e2325cf07,66.5,0,0,-1,-1,-1,34.05
6306f3845903a81e2325cf09,68.5,0,-1,-1,1,0,33.17
6306f3a35903a81e2325cf0b,71,0,-1,-1,1,0,32.83
6306f3c15903a81e2325cf0d,73,0,-1,-1,1,0,32.83
6306f3e05903a81e2325cf0f,72,0,-1,-1,1,0,33.11
6306f3ff5903a81e2325cf11,71,0,-1,-1,1,0,33.49
6306f41e5903a81e2325cf13,70,0,-1,-1,1,0,33.83
6306f43d5903a81e2325cf15,68.5,0,0,-1,-1,-1,34.17
6306f45c5903a81e2325cf17,67.5,0,0,-1,-1,-1,34.45
6306f47a5903a81e2325cf19,67,0,0,-1,-1,-1,34.75
6306f4995903a81e2325cf1b,66.5,0,0,-1,-1,-1,35.03
6306f4b85903a81e2325cf1d,66,0,0,-1,-1,-1,35.23
6306f4d65903a81e2325cf1f,65,0,0,-1,-1,-1,35.41
6306f4f65903a81e2325cf21,64.5,0,0,-1,-1,-1,35.57
6306f5145903a81e2325cf23,65.5,0,0,-1,-1,-1,35.73
6306f5335903a81e2325cf25,65,0,0,-1,-1,-1,35.87
6306f5515903a81e2325cf27,65,0,0,-1,-1,-1,35.97
6306f5705903a81e2325cf29,65,0,1,-1,0,1,36.11
6306f58f5903a81e2325cf2b,64.5,0,1,-1,0,1,36.49
6306f5ae5903a81e2325cf2d,64.5,0,0,-1,-1,-1,35.91
6306f5cd5903a81e2325cf2f,65,0,0,-1,-1,-1,34.95
6306f5eb5903a81e2325cf31,68,0,0,-1,-1,-1,34.01
6306f60b5903a81e2325cf33,69,0,-1,-1,1,0,33.15
6306f6295903a81e2325cf35,71,0,-1,-1,1,0,32.83
6306f6485903a81e2325cf37,73,0,-1,-1,1,0,32.83
6306f6675903a81e2325cf39,73,0,-1,-1,1,0,33.11
6306f6855903a81e2325cf3b,71,0,-1,-1,1,0,33.47
6306f6a45903a81e2325cf3d,70,0,-1,-1,1,0,33.77
6306f6c45903a81e2325cf3f,68,0,0,-1,-1,-1,34.13
6306f6e35903a81e2325cf41,67.5,0,0,-1,-1,-1,34.45
6306f7005903a81e2325cf43,67.5,0,0,-1,-1,-1,34.73
6306f7205903a81e2325cf45,66.5,0,0,-1,-1,-1,34.97
6306f73e5903a81e2325cf47,66.5,0,0,-1,-1,-1,35.19
6306f75d5903a81e2325cf49,65,0,0,-1,-1,-1,35.35
6306f77c5903a81e2325cf4b,65.5,0,0,-1,-1,-1,35.59
6306f79a5903a81e2325cf4d,65,0,0,-1,-1,-1,35.73
6306f7b95903a81e2325cf4f,64.5,0,0,-1,-1,-1,35.83
6306f7d85903a81e2325cf51,64.5,0,0,-1,-1,-1,35.95
6306f7f75903a81e2325cf53,64,0,1,-1,0,1,36.03
6306f8165903a81e2325cf55,64,0,1,-1,0,1,36.41
6306f8345903a81e2325cf57,64.5,0,0,-1,-1,-1,35.83
6306f8535903a81e2325cf59,65.5,0,0,-1,-1,-1,34.85
6306f8725903a81e2325cf5b,67,0,-1,-1,1,0,33.95
6306f8905903a81e2325cf5d,69,0,-1,-1,1,0,33.47
6306f8af5903a81e2325cf5f,71,0,-1,-1,1,0,33.39
6306f8ce5903a81e2325cf61,71.5,0,-1,-1,1,0,33.61
6306f8ed5903a81e2325cf63,69.5,0,-1,-1,1,0,33.91
6306f90c5903a81e2325cf65,69,0,0,-1,-1,-1,34.21
6306f92a5903a81e2325cf67,68,0,0,-1,-1,-1,34.51
6306f9495903a81e2325cf69,67.5,0,0,-1,-1,-1,34.81
6306f9685903a81e2325cf6b,66,0,0,-1,-1,-1,35.11
6306f9875903a81e2325cf6d,65.5,0,0,-1,-1,-1,35.29
6306f9a65903a81e2325cf6f,65,0,0,-1,-1,-1,35.45
6306f9c45903a81e2325cf71,65,0,0,-1,-1,-1,35.65
6306f9e35903a81e2325cf73,65,0,0,-1,-1,-1,35.87
6306fa025903a81e2325cf75,65,0,0,-1,-1,-1,35.91
6306fa215903a81e2325cf77,65,0,0,-1,-1,-1,35.97
6306fa3f5903a81e2325cf79,65,0,1,-1,0,1,36.13
6306fa5f5903a81e2325cf7b,64,0,1,-1,0,1,36.45
6306fa9b5903a81e2325cf7d,65,0,0,-1,-1,-1,34.95
6306faba5903a81e2325cf7f,66.5,0,0,-1,-1,-1,34.03
6306fad95903a81e2325cf81,68.5,0,-1,-1,1,0,33.19
6306faf85903a81e2325cf83,71,0,-1,-1,1,0,32.83
6306fb175903a81e2325cf85,73.5,0,-1,-1,1,0,32.85
6306fb355903a81e2325cf87,72.5,0,-1,-1,1,0,33.07
6306fb555903a81e2325cf89,70.5,0,-1,-1,1,0,33.47
6306fb735903a81e2325cf8b,69.5,0,-1,-1,1,0,33.81
6306fb925903a81e2325cf8d,68.5,0,0,-1,-1,-1,34.15
6306fbb15903a81e2325cf8f,67,0,0,-1,-1,-1,34.45
6306fbcf5903a81e2325cf91,66.5,0,0,-1,-1,-1,34.69
6306fbee5903a81e2325cf93,66,0,0,-1,-1,-1,34.97
6306fc0d5903a81e2325cf95,66,0,0,-1,-1,-1,35.23
6306fc2c5903a81e2325cf97,65,0,0,-1,-1,-1,35.41
6306fc4a5903a81e2325cf99,65,0,0,-1,-1,-1,35.65
6306fc695903a81e2325cf9b,66,0,0,-1,-1,-1,35.73
6306fc885903a81e2325cf9d,64.5,0,0,-1,-1,-1,35.81
6306fca75903a81e2325cf9f,64,0,0,-1,-1,-1,35.97
6306fcc65903a81e2325cfa1,64.5,0,1,-1,0,1,36.03
6306fce55903a81e2325cfa3,64,0,1,-1,0,1,36.43
6306fd035903a81e2325cfa5,64.5,0,0,-1,-1,-1,35.89
6306fd225903a81e2325cfa7,65,0,0,-1,-1,-1,34.93
6306fd415903a81e2325cfa9,67,0,-1,-1,1,0,33.95
6306fd5f5903a81e2325cfab,69,0,-1,-1,1,0,33.49
6306fd7e5903a81e2325cfad,71.5,0,-1,-1,1,0,33.41
6306fd9d5903a81e2325cfaf,71.5,0,-1,-1,1,0,33.59
6306fdbc5903a81e2325cfb1,69.5,0,-1,-1,1,0,33.85
6306fddb5903a81e2325cfb3,68,0,0,-1,-1,-1,34.19
6306fdfa5903a81e2325cfb5,67.5,0,0,-1,-1,-1,34.47
6306fe195903a81e2325cfb7,67,0,0,-1,-1,-1,34.73
6306fe375903a81e2325cfb9,66,0,0,-1,-1,-1,34.93
6306fe565903a81e2325cfbb,66.5,0,0,-1,-1,-1,35.15
6306fe745903a81e2325cfbd,65,0,0,-1,-1,-1,35.35
6306fe935903a81e2325cfbf,66.5,0,0,-1,-1,-1,35.55
6306feb25903a81e2325cfc1,65.5,0,0,-1,-1,-1,35.75
6306fed15903a81e2325cfc3,64.5,0,0,-1,-1,-1,35.81
6306feef5903a81e2325cfc5,65,0,0,-1,-1,-1,35.91
6306ff0e5903a81e2325cfc7,66,0,1,-1,0,1,36.03
6306ff2e5903a81e2325cfc9,65.5,0,1,-1,0,1,36.43
6306ff4c5903a81e2325cfcb,65,0,0,-1,-1,-1,35.87
6306ff6b5903a81e2325cfcd,65.5,0,0,-1,-1,-1,34.91
6306ff895903a81e2325cfcf,67.5,0,-1,-1,1,0,33.99
6306ffa85903a81e2325cfd1,69.5,0,-1,-1,1,0,33.49
6306ffc75903a81e2325cfd3,71.5,0,-1,-1,1,0,33.43
6306ffe65903a81e2325cfd5,71,0,-1,-1,1,0,33.69
630700055903a81e2325cfd7,70,0,-1,-1,1,0,33.93
630700235903a81e2325cfd9,68.5,0,0,-1,-1,-1,34.19
630700425903a81e2325cfdb,67.5,0,0,-1,-1,-1,34.47
630700615903a81e2325cfdd,67,0,0,-1,-1,-1,34.75
630700805903a81e2325cfdf,67,0,0,-1,-1,-1,35.03
6307009e5903a81e2325cfe1,66,0,0,-1,-1,-1,35.23
630700bd5903a81e2325cfe3,65.5,0,0,-1,-1,-1,35.39
630700dc5903a81e2325cfe5,65,0,0,-1,-1,-1,35.55
630700fb5903a81e2325cfe7,65.5,0,0,-1,-1,-1,35.71
630701195903a81e2325cfe9,65,0,0,-1,-1,-1,35.77
630701385903a81e2325cfeb,66,0,0,-1,-1,-1,35.95
630701575903a81e2325cfed,65.5,0,0,-1,-1,-1,35.97
630701765903a81e2325cfef,65,0,1,-1,0,1,36.11
630701955903a81e2325cff1,65,0,1,-1,0,1,36.41
630701b45903a81e2325cff3,64.5,0,0,-1,-1,-1,35.81
630701d35903a81e2325cff5,65,0,0,-1,-1,-1,34.91
630701f15903a81e2325cff7,67.5,0,0,-1,-1,-1,34.01
630702105903a81e2325cff9,69,0,-1,-1,1,0,33.13
6307022e5903a81e2325cffb,70.5,0,-1,-1,1,0,32.75
6307024d5903a81e2325cffd,73,0,-1,-1,1,0,32.77
6307026c5903a81e2325cfff,72.5,0,-1,-1,1,0,33.05
6307028b5903a81e2325d001,70.5,0,-1,-1,1,0,33.37
630702aa5903a81e2325d003,69.5,0,-1,-1,1,0,33.73
630702c85903a81e2325d005,68.5,0,0,-1,-1,-1,34.05
630702e75903a81e2325d007,67.5,0,0,-1,-1,-1,34.37
630703065903a81e2325d009,67,0,0,-1,-1,-1,34.65
630703255903a81e2325d00b,66.5,0,0,-1,-1,-1,34.85
630703435903a81e2325d00d,66,0,0,-1,-1,-1,35.05
630703625903a81e2325d00f,66.5,0,0,-1,-1,-1,35.23
630703815903a81e2325d011,66,0,0,-1,-1,-1,35.47
630703a05903a81e2325d013,65.5,0,0,-1,-1,-1,35.53
630703be5903a81e2325d015,65.5,0,0,-1,-1,-1,35.75
630703dd5903a81e2325d017,65,0,0,-1,-1,-1,35.81
630703fc5903a81e2325d019,65,0,0,-1,-1,-1,35.91
6307041b5903a81e2325d01b,65,0,0,-1,-1,-1,35.95
6307043a5903a81e2325d01d,64.5,0,1,-1,0,1,36.11
630704595903a81e2325d01f,64.5,0,1,-1,0,1,36.45
630704775903a81e2325d021,65,0,0,-1,-1,-1,35.91
630704965903a81e2325d023,65,0,0,-1,-1,-1,34.93
630704b55903a81e2325d025,67.5,0,-1,-1,1,0,33.95
630704d35903a81e2325d027,69.5,0,-1,-1,1,0,33.49
630704f25903a81e2325d029,70.5,0,-1,-1,1,0,33.41
630705115903a81e2325d02b,71,0,-1,-1,1,0,33.59
630705305903a81e2325d02d,70.5,0,-1,-1,1,0,33.83
6307054f5903a81e2325d02f,69.5,0,0,-1,-1,-1,34.15
6307056d5903a81e2325d031,68,0,0,-1,-1,-1,34.45
6307058c5903a81e2325d033,67,0,0,-1,-1,-1,34.71
630705ab5903a81e2325d035,65.5,0,0,-1,-1,-1,34.91
630705c95903a81e2325d037,66.5,0,0,-1,-1,-1,35.15
630705e85903a81e2325d039,66,0,0,-1,-1,-1,35.31
630706075903a81e2325d03b,65.5,0,0,-1,-1,-1,35.45
630706265903a81e2325d03d,66.5,0,0,-1,-1,-1,35.55
630706455903a81e2325d03f,65.5,0,0,-1,-1,-1,35.67
630706645903a81e2325d041,66,0,0,-1,-1,-1,35.79
630706825903a81e2325d043,65,0,0,-1,-1,-1,35.93
630706a15903a81e2325d045,64.5,0,1,-1,0,1,36.01
630706c05903a81e2325d047,66,0,1,-1,0,1,36.39
630706df5903a81e2325d049,64.5,0,0,-1,-1,-1,35.77
630706fd5903a81e2325d04b,65,0,0,-1,-1,-1,34.91
6307071c5903a81e2325d04d,67.5,0,-1,-1,1,0,33.97
6307073b5903a81e2325d04f,69,0,-1,-1,1,0,33.49
6307075a5903a81e2325d051,71,0,-1,-1,1,0,33.47
630707795903a81e2325d053,71,0,-1,-1,1,0,33.63
630707975903a81e2325d055,69.5,0,-1,-1,1,0,33.87
630707b65903a81e2325d057,68.5,0,0,-1,-1,-1,34.13
630707d55903a81e2325d059,68.5,0,0,-1,-1,-1,34.43
630707f45903a81e2325d05b,67,0,0,-1,-1,-1,34.73
630708125903a81e2325d05d,66.5,0,0,-1,-1,-1,34.93
630708315903a81e2325d05f,66.5,0,0,-1,-1,-1,35.13
630708505903a81e2325d061,66.5,0,0,-1,-1,-1,35.31
6307086e5903a81e2325d063,65.5,0,0,-1,-1,-1,35.47
6307088d5903a81e2325d065,65,0,0,-1,-1,-1,35.61
630708ac5903a81e2325d067,65.5,0,0,-1,-1,-1,35.73
630708cb5903a81e2325d069,65,0,0,-1,-1,-1,35.91
630708ea5903a81e2325d06b,65,0,0,-1,-1,-1,35.91
630709095903a81e2325d06d,66,0,0,-1,-1,-1,35.99
630709275903a81e2325d06f,65.5,0,1,-1,0,1,36.05
630709475903a81e2325d071,65.5,0,1,-1,0,1,36.33
630709655903a81e2325d073,64.5,0,0,-1,-1,-1,35.75
630709845903a81e2325d075,65,0,0,-1,-1,-1,34.81
630709a25903a81e2325d077,67,0,-1,-1,1,0,33.99
630709c15903a81e2325d079,69.5,0,-1,-1,1,0,33.49
630709e05903a81e2325d07b,71.5,0,-1,-1,1,0,33.43
630709ff5903a81e2325d07d,71.5,0,-1,-1,1,0,33.57
63070a1d5903a81e2325d07f,70.5,0,-1,-1,1,0,33.81
63070a3c5903a81e2325d081,69,0,0,-1,-1,-1,34.19
63070a5b5903a81e2325d083,68,0,0,-1,-1,-1,34.39
63070a7a5903a81e2325d085,66.5,0,0,-1,-1,-1,34.67
63070a9a5903a81e2325d087,66.5,0,0,-1,-1,-1,34.91
63070ab75903a81e2325d089,65,0,0,-1,-1,-1,35.11
63070ad65903a81e2325d08b,66,0,0,-1,-1,-1,35.29
63070af55903a81e2325d08d,66,0,0,-1,-1,-1,35.47
63070b135903a81e2325d08f,65,0,0,-1,-1,-1,35.59
63070b325903a81e2325d091,66,0,0,-1,-1,-1,35.73
63070b515903a81e2325d093,65,0,0,-1,-1,-1,35.79
63070b705903a81e2325d095,65.5,0,0,-1,-1,-1,35.91
63070b8f5903a81e2325d097,65.5,0,0,-1,-1,-1,35.99
63070bae5903a81e2325d099,64.5,0,1,-1,0,1,36.01
63070bcc5903a81e2325d09b,64.5,0,1,-1,0,1,36.43
63070beb5903a81e2325d09d,64.5,0,0,-1,-1,-1,35.81
63070c0a5903a81e2325d09f,65,0,0,-1,-1,-1,34.93
63070c295903a81e2325d0a1,67,0,-1,-1,1,0,33.99
63070c475903a81e2325d0a3,69,0,-1,-1,1,0,33.49
63070c665903a81e2325d0a5,71,0,-1,-1,1,0,33.43
63070c855903a81e2325d0a7,71,0,-1,-1,1,0,33.61
63070ca45903a81e2325d0a9,70,0,-1,-1,1,0,33.83
63070cc35903a81e2325d0ab,69,0,0,-1,-1,-1,34.15
63070ce15903a81e2325d0ad,68,0,0,-1,-1,-1,34.45
63070d015903a81e2325d0af,67,0,0,-1,-1,-1,34.69
63070d1f5903a81e2325d0b1,67.5,0,0,-1,-1,-1,34.89
63070d3e5903a81e2325d0b3,66,0,0,-1,-1,-1,35.11
63070d5c5903a81e2325d0b5,65.5,0,0,-1,-1,-1,35.31
63070d7b5903a81e2325d0b7,65,0,0,-1,-1,-1,35.47
63070d9a5903a81e2325d0b9,65.5,0,0,-1,-1,-1,35.59
63070db95903a81e2325d0bb,66.5,0,0,-1,-1,-1,35.73
63070dd85903a81e2325d0bd,65,0,0,-1,-1,-1,35.79
63070df65903a81e2325d0bf,65.5,0,0,-1,-1,-1,35.87
63070e155903a81e2325d0c1,65,0,0,-1,-1,-1,35.97
63070e345903a81e2325d0c3,65.5,0,1,-1,0,1,36.01
63070e525903a81e2325d0c5,65.5,0,1,-1,0,1,36.43
63070e715903a81e2325d0c7,64.5,0,0,-1,-1,-1,35.83
63070e905903a81e2325d0c9,65,0,0,-1,-1,-1,34.91
63070eaf5903a81e2325d0cb,66.5,0,-1,-1,1,0,33.95
63070ece5903a81e2325d0cd,69,0,-1,-1,1,0,33.53
63070eec5903a81e2325d0cf,72,0,-1,-1,1,0,33.43
63070f0c5903a81e2325d0d1,71.5,0,-1,-1,1,0,33.63
63070f2a5903a81e2325d0d3,70,0,-1,-1,1,0,33.81
63070f495903a81e2325d0d5,69,0,0,-1,-1,-1,34.17
63070f685903a81e2325d0d7,68,0,0,-1,-1,-1,34.37
63070f865903a81e2325d0d9,67.5,0,0,-1,-1,-1,34.65
63070fa55903a81e2325d0db,67.5,0,0,-1,-1,-1,34.87
63070fc45903a81e2325d0dd,67,0,0,-1,-1,-1,35.11
63070fe35903a81e2325d0df,65.5,0,0,-1,-1,-1,35.31
630710015903a81e2325d0e1,66,0,0,-1,-1,-1,35.45
630710205903a81e2325d0e3,65,0,0,-1,-1,-1,35.61
6307103f5903a81e2325d0e5,65,0,0,-1,-1,-1,35.71
6307105e5903a81e2325d0e7,65.5,0,0,-1,-1,-1,35.75
6307107d5903a81e2325d0e9,66,0,0,-1,-1,-1,35.89
6307109c5903a81e2325d0eb,65,0,0,-1,-1,-1,35.99
630710ba5903a81e2325d0ed,66,0,1,-1,0,1,36.05
630710d95903a81e2325d0ef,65.5,0,1,-1,0,1,36.45
630710f85903a81e2325d0f1,65,0,0,-1,-1,-1,35.83
630711165903a81e2325d0f3,65,0,0,-1,-1,-1,34.89
630711355903a81e2325d0f5,67,0,0,-1,-1,-1,34.01
630711545903a81e2325d0f7,69.5,0,-1,-1,1,0,33.15
630711735903a81e2325d0f9,71,0,-1,-1,1,0,32.77
630711915903a81e2325d0fb,73.5,0,-1,-1,1,0,32.75
630711b05903a81e2325d0fd,72.5,0,-1,-1,1,0,33.03
630711cf5903a81e2325d0ff,71,0,-1,-1,1,0,33.35
630711ee5903a81e2325d101,70,0,-1,-1,1,0,33.69
6307120d5903a81e2325d103,69,0,-1,-1,1,0,33.99
6307122b5903a81e2325d105,68,0,0,-1,-1,-1,34.25
6307124a5903a81e2325d107,67,0,0,-1,-1,-1,34.57
630712695903a81e2325d109,67,0,0,-1,-1,-1,34.81
630712885903a81e2325d10b,66.5,0,0,-1,-1,-1,34.97
630712a65903a81e2325d10d,65.5,0,0,-1,-1,-1,35.19
630712c55903a81e2325d10f,65.5,0,0,-1,-1,-1,35.37
630712e45903a81e2325d111,66.5,0,0,-1,-1,-1,35.51
630713035903a81e2325d113,66,0,0,-1,-1,-1,35.57
630713215903a81e2325d115,65.5,0,0,-1,-1,-1,35.73
630713415903a81e2325d117,65,0,0,-1,-1,-1,35.79
6307135f5903a81e2325d119,66.5,0,0,-1,-1,-1,35.87
6307137e5903a81e2325d11b,65.5,0,0,-1,-1,-1,35.93
6307139c5903a81e2325d11d,66,0,0,-1,-1,-1,35.97
630713bb5903a81e2325d11f,66,0,1,-1,0,1,36.03
630713db5903a81e2325d121,65.5,0,1,-1,0,1,36.39
630713f95903a81e2325d123,64,0,0,-1,-1,-1,35.81
630714175903a81e2325d125,65.5,0,0,-1,-1,-1,34.87
630714365903a81e2325d127,67,0,-1,-1,1,0,33.91
630714555903a81e2325d129,69,0,-1,-1,1,0,33.39
630714745903a81e2325d12b,71.5,0,-1,-1,1,0,33.37
630714935903a81e2325d12d,70.5,0,-1,-1,1,0,33.55
630714b25903a81e2325d12f,71,0,-1,-1,1,0,33.79
630714d05903a81e2325d131,69,0,0,-1,-1,-1,34.09
630714ef5903a81e2325d133,67.5,0,0,-1,-1,-1,34.37
6307150e5903a81e2325d135,68,0,0,-1,-1,-1,34.61
6307152d5903a81e2325d137,67,0,0,-1,-1,-1,34.81
6307154c5903a81e2325d139,66.5,0,0,-1,-1,-1,35.03
6307156a5903a81e2325d13b,66.5,0,0,-1,-1,-1,35.17
630715895903a81e2325d13d,66,0,0,-1,-1,-1,35.37
630715a75903a81e2325d13f,66,0,0,-1,-1,-1,35.49
630715c65903a81e2325d141,66,0,0,-1,-1,-1,35.57
630715e55903a81e2325d143,65.5,0,0,-1,-1,-1,35.65
630716045903a81e2325d145,66.5,0,0,-1,-1,-1,35.73
630716235903a81e2325d147,66,0,0,-1,-1,-1,35.87
630716425903a81e2325d149,66,0,0,-1,-1,-1,35.89
630716605903a81e2325d14b,66,0,0,-1,-1,-1,35.97
630716805903a81e2325d14d,65.5,0,0,-1,-1,-1,35.99
6307169e5903a81e2325d14f,66.5,0,1,-1,0,1,36.01
630716bc5903a81e2325d151,66,0,1,-1,0,1,36.47
630716dc5903a81e2325d153,65,0,0,-1,-1,-1,35.95
630716fa5903a81e2325d155,65.5,0,0,-1,-1,-1,35.01
630717195903a81e2325d157,66.5,0,0,-1,-1,-1,34.03
630717385903a81e2325d159,69,0,-1,-1,1,0,33.21
630717575903a81e2325d15b,71.5,0,-1,-1,1,0,32.83
630717755903a81e2325d15d,72.5,0,-1,-1,1,0,32.83
630717945903a81e2325d15f,72.5,0,-1,-1,1,0,33.03
630717b35903a81e2325d161,70,0,-1,-1,1,0,33.37
630717d15903a81e2325d163,70.5,0,-1,-1,1,0,33.73
630717f15903a81e2325d165,68,0,0,-1,-1,-1,34.03
6307180f5903a81e2325d167,68,0,0,-1,-1,-1,34.35
6307182e5903a81e2325d169,67.5,0,0,-1,-1,-1,34.59
6307184d5903a81e2325d16b,67.5,0,0,-1,-1,-1,34.81
6307186c5903a81e2325d16d,66,0,0,-1,-1,-1,35.01
6307188a5903a81e2325d16f,66,0,0,-1,-1,-1,35.17
630718a95903a81e2325d171,66.5,0,0,-1,-1,-1,35.33
630718c85903a81e2325d173,65,0,0,-1,-1,-1,35.47
630718e65903a81e2325d175,66,0,0,-1,-1,-1,35.57
630719055903a81e2325d177,66,0,0,-1,-1,-1,35.67
630719245903a81e2325d179,64.5,0,0,-1,-1,-1,35.73
630719435903a81e2325d17b,65,0,0,-1,-1,-1,35.77
630719625903a81e2325d17d,66,0,0,-1,-1,-1,35.89
630719815903a81e2325d17f,66,0,0,-1,-1,-1,35.89
6307199f5903a81e2325d181,66.5,0,0,-1,-1,-1,35.91
630719be5903a81e2325d183,66,0,0,-1,-1,-1,35.97
630719dd5903a81e2325d185,66.5,0,1,-1,0,1,36.05
630719fb5903a81e2325d187,65.5,0,1,-1,0,1,36.45
63071a1a5903a81e2325d189,64,0,0,-1,-1,-1,35.93
63071a395903a81e2325d18b,65,0,0,-1,-1,-1,34.97
63071a585903a81e2325d18d,67,0,0,-1,-1,-1,34.03
63071a775903a81e2325d18f,69,0,-1,-1,1,0,33.21
63071a965903a81e2325d191,71.5,0,-1,-1,1,0,32.85
63071ab45903a81e2325d193,73,0,-1,-1,1,0,32.75
63071ad35903a81e2325d195,72.5,0,-1,-1,1,0,33.05
63071af25903a81e2325d197,71,0,-1,-1,1,0,33.39
63071b105903a81e2325d199,70,0,-1,-1,1,0,33.71
63071b305903a81e2325d19b,69.5,0,0,-1,-1,-1,34.03
63071b4e5903a81e2325d19d,68.5,0,0,-1,-1,-1,34.35
63071b6d5903a81e2325d19f,67,0,0,-1,-1,-1,34.57
63071b8c5903a81e2325d1a1,67.5,0,0,-1,-1,-1,34.81
63071bab5903a81e2325d1a3,65.5,0,0,-1,-1,-1,35.01
63071bc95903a81e2325d1a5,66,0,0,-1,-1,-1,35.17
63071be85903a81e2325d1a7,65.5,0,0,-1,-1,-1,35.29
63071c075903a81e2325d1a9,66.5,0,0,-1,-1,-1,35.37
63071c255903a81e2325d1ab,66,0,0,-1,-1,-1,35.49
63071c445903a81e2325d1ad,65.5,0,0,-1,-1,-1,35.59
63071c635903a81e2325d1af,66,0,0,-1,-1,-1,35.67
63071c825903a81e2325d1b1,66,0,0,-1,-1,-1,35.71
63071ca15903a81e2325d1b3,65.5,0,0,-1,-1,-1,35.75
63071cc05903a81e2325d1b5,65.5,0,0,-1,-1,-1,35.83
63071cde5903a81e2325d1b7,65.5,0,0,-1,-1,-1,35.87
63071cfd5903a81e2325d1b9,66,0,0,-1,-1,-1,35.91
63071d1c5903a81e2325d1bb,66,0,0,-1,-1,-1,35.95
63071d3a5903a81e2325d1bd,66,0,1,-1,0,1,36.01
63071d595903a81e2325d1bf,66,0,1,-1,0,1,36.39
63071d785903a81e2325d1c1,64.5,0,0,-1,-1,-1,35.83
63071d975903a81e2325d1c3,65,0,0,-1,-1,-1,34.91
63071db65903a81e2325d1c5,66.5,0,-1,-1,1,0,33.97
63071dd45903a81e2325d1c7,69,0,-1,-1,1,0,33.51
63071df35903a81e2325d1c9,71,0,-1,-1,1,0,33.43
63071e125903a81e2325d1cb,71.5,0,-1,-1,1,0,33.53
63071e315903a81e2325d1cd,70.5,0,-1,-1,1,0,33.77
63071e505903a81e2325d1cf,69.5,0,0,-1,-1,-1,34.03
63071e6e5903a81e2325d1d1,69,0,0,-1,-1,-1,34.37
63071e8d5903a81e2325d1d3,68,0,0,-1,-1,-1,34.59
63071eac5903a81e2325d1d5,67,0,0,-1,-1,-1,34.81
63071ecb5903a81e2325d1d7,66.5,0,0,-1,-1,-1,34.97
63071ee95903a81e2325d1d9,66.5,0,0,-1,-1,-1,35.17
63071f085903a81e2325d1db,66,0,0,-1,-1,-1,35.33
63071f275903a81e2325d1dd,67,0,0,-1,-1,-1,35.41
63071f465903a81e2325d1df,65.5,0,0,-1,-1,-1,35.53
63071f655903a81e2325d1e1,66,0,0,-1,-1,-1,35.65
63071f845903a81e2325d1e3,66.5,0,0,-1,-1,-1,35.67
63071fa25903a81e2325d1e5,65.5,0,0,-1,-1,-1,35.75
63071fc15903a81e2325d1e7,65,0,0,-1,-1,-1,35.79
63071fdf5903a81e2325d1e9,65.5,0,0,-1,-1,-1,35.89
63071ffe5903a81e2325d1eb,66,0,0,-1,-1,-1,35.93
6307201d5903a81e2325d1ed,66,0,0,-1,-1,-1,35.99
6307203c5903a81e2325d1ef,65.5,0,0,-1,-1,-1,35.99
6307205b5903a81e2325d1f1,66,0,1,-1,0,1,36.03
630720795903a81e2325d1f3,66.5,0,1,-1,0,1,36.39
630720985903a81e2325d1f5,64.5,0,0,-1,-1,-1,35.87
630720b75903a81e2325d1f7,65,0,0,-1,-1,-1,35.01
630720d55903a81e2325d1f9,67,0,0,-1,-1,-1,34.03
630720f55903a81e2325d1fb,69,0,-1,-1,1,0,33.17
630721135903a81e2325d1fd,71.5,0,-1,-1,1,0,32.73
630721325903a81e2325d1ff,73,0,-1,-1,1,0,32.81
630721515903a81e2325d201,72,0,-1,-1,1,0,33.03
630721705903a81e2325d203,70.5,0,-1,-1,1,0,33.37
6307218e5903a81e2325d205,70.5,0,-1,-1,1,0,33.65
630721ad5903a81e2325d207,69.5,0,-1,-1,1,0,33.93
630721cc5903a81e2325d209,68,0,0,-1,-1,-1,34.21
630722095903a81e2325d20b,67.5,0,0,-1,-1,-1,34.67
630722285903a81e2325d20d,67.5,0,0,-1,-1,-1,34.87
630722475903a81e2325d20f,67,0,0,-1,-1,-1,35.01
630722665903a81e2325d211,66.5,0,0,-1,-1,-1,35.15
630722855903a81e2325d213,66,0,0,-1,-1,-1,35.29
630722a35903a81e2325d215,66,0,0,-1,-1,-1,35.39
630722c25903a81e2325d217,66,0,0,-1,-1,-1,35.51
630722e15903a81e2325d219,66,0,0,-1,-1,-1,35.55
630723005903a81e2325d21b,66,0,0,-1,-1,-1,35.65
6307231e5903a81e2325d21d,65.5,0,0,-1,-1,-1,35.69
6307233d5903a81e2325d21f,65.5,0,0,-1,-1,-1,35.77
6307235c5903a81e2325d221,66.5,0,0,-1,-1,-1,35.87
6307237a5903a81e2325d223,66,0,0,-1,-1,-1,35.89
630723995903a81e2325d225,66,0,0,-1,-1,-1,35.89
630723b85903a81e2325d227,66.5,0,0,-1,-1,-1,35.93
630723d85903a81e2325d229,66,0,0,-1,-1,-1,35.93
630723f65903a81e2325d22b,66,0,0,-1,-1,-1,35.99
630724155903a81e2325d22d,65,0,0,-1,-1,-1,35.97
630724335903a81e2325d22f,65.5,0,1,-1,0,1,36.01
630724525903a81e2325d231,66,0,1,-1,0,1,36.47
630724715903a81e2325d233,64.5,0,0,-1,-1,-1,35.93
6307248f5903a81e2325d235,65,0,0,-1,-1,-1,35.05
630724af5903a81e2325d237,67,0,0,-1,-1,-1,34.09
630724cd5903a81e2325d239,69,0,-1,-1,1,0,33.25
630724ec5903a81e2325d23b,71,0,-1,-1,1,0,32.91
6307250b5903a81e2325d23d,73,0,-1,-1,1,0,32.87
6307252a5903a81e2325d23f,72.5,0,-1,-1,1,0,33.09
630725485903a81e2325d241,71.5,0,-1,-1,1,0,33.33
630725675903a81e2325d243,70,0,-1,-1,1,0,33.65
630725865903a81e2325d245,69.5,0,-1,-1,1,0,33.97
630725a55903a81e2325d247,68.5,0,0,-1,-1,-1,34.21
630725c35903a81e2325d249,68,0,0,-1,-1,-1,34.47
630725e25903a81e2325d24b,67,0,0,-1,-1,-1,34.67
630726015903a81e2325d24d,67.5,0,0,-1,-1,-1,34.87
630726205903a81e2325d24f,66.5,0,0,-1,-1,-1,35.05
6307263e5903a81e2325d251,65.5,0,0,-1,-1,-1,35.17
6307265d5903a81e2325d253,65.5,0,0,-1,-1,-1,35.31
6307267c5903a81e2325d255,66.5,0,0,-1,-1,-1,35.41
6307269b5903a81e2325d257,67,0,0,-1,-1,-1,35.51
630726ba5903a81e2325d259,66,0,0,-1,-1,-1,35.61
630726d85903a81e2325d25b,66,0,0,-1,-1,-1,35.65
630726f75903a81e2325d25d,66.5,0,0,-1,-1,-1,35.73
630727165903a81e2325d25f,66,0,0,-1,-1,-1,35.75
630727355903a81e2325d261,66.5,0,0,-1,-1,-1,35.79
630727545903a81e2325d263,66.5,0,0,-1,-1,-1,35.87
630727725903a81e2325d265,66.5,0,0,-1,-1,-1,35.89
630727925903a81e2325d267,66.5,0,0,-1,-1,-1,35.91
630727b05903a81e2325d269,66,0,0,-1,-1,-1,35.97
630727cf5903a81e2325d26b,66,0,1,-1,0,1,36.01
630727ed5903a81e2325d26d,65.5,0,1,-1,0,1,36.35
6307280c5903a81e2325d26f,65,0,0,-1,-1,-1,35.83
6307282b5903a81e2325d271,65,0,0,-1,-1,-1,34.93
6307284a5903a81e2325d273,67,0,0,-1,-1,-1,34.01
630728685903a81e2325d275,69,0,-1,-1,1,0,33.17
630728875903a81e2325d277,71.5,0,-1,-1,1,0,32.83
630728a65903a81e2325d279,72.5,0,-1,-1,1,0,32.83
630728c55903a81e2325d27b,72.5,0,-1,-1,1,0,32.99
630728e45903a81e2325d27d,70,0,-1,-1,1,0,33.33
630729035903a81e2325d27f,69.5,0,-1,-1,1,0,33.71
630729215903a81e2325d281,70,0,0,-1,-1,-1,34.01
630729405903a81e2325d283,68,0,0,-1,-1,-1,34.27
6307295f5903a81e2325d285,68,0,0,-1,-1,-1,34.47
6307297e5903a81e2325d287,67.5,0,0,-1,-1,-1,34.69
6307299d5903a81e2325d289,66.5,0,0,-1,-1,-1,34.95
630729bb5903a81e2325d28b,66.5,0,0,-1,-1,-1,35.11
630729da5903a81e2325d28d,66,0,0,-1,-1,-1,35.23
630729f85903a81e2325d28f,66.5,0,0,-1,-1,-1,35.31
63072a185903a81e2325d291,66,0,0,-1,-1,-1,35.41
63072a365903a81e2325d293,67,0,0,-1,-1,-1,35.47
63072a555903a81e2325d295,67,0,0,-1,-1,-1,35.53
63072a735903a81e2325d297,67,0,0,-1,-1,-1,35.59
63072a925903a81e2325d299,66,0,0,-1,-1,-1,35.65
63072ab15903a81e2325d29b,66.5,0,0,-1,-1,-1,35.71
63072ad05903a81e2325d29d,66,0,0,-1,-1,-1,35.73
63072aee5903a81e2325d29f,66,0,0,-1,-1,-1,35.77
63072b0d5903a81e2325d2a1,66,0,0,-1,-1,-1,35.79
63072b2c5903a81e2325d2a3,66.5,0,0,-1,-1,-1,35.83
63072b4b5903a81e2325d2a5,66.5,0,0,-1,-1,-1,35.91
63072b6a5903a81e2325d2a7,65.5,0,0,-1,-1,-1,35.91
63072b885903a81e2325d2a9,66.5,0,0,-1,-1,-1,35.97
63072ba75903a81e2325d2ab,66.5,0,1,-1,0,1,36.03
63072bc65903a81e2325d2ad,66.5,0,1,-1,0,1,36.45
63072be55903a81e2325d2af,64.5,0,0,-1,-1,-1,35.89
63072c035903a81e2325d2b1,65.5,0,0,-1,-1,-1,34.95
63072c235903a81e2325d2b3,67,0,0,-1,-1,-1,34.01
63072c415903a81e2325d2b5,69,0,-1,-1,1,0,33.25
63072c605903a81e2325d2b7,71.5,0,-1,-1,1,0,32.87
63072c7f5903a81e2325d2b9,73,0,-1,-1,1,0,32.81
63072c9d5903a81e2325d2bb,72.5,0,-1,-1,1,0,33.05
63072cbc5903a81e2325d2bd,71.5,0,-1,-1,1,0,33.35
63072cdb5903a81e2325d2bf,70.5,0,-1,-1,1,0,33.69
63072cfa5903a81e2325d2c1,69.5,0,-1,-1,1,0,33.97
63072d185903a81e2325d2c3,68.5,0,0,-1,-1,-1,34.19
63072d375903a81e2325d2c5,67,0,0,-1,-1,-1,34.47
63072d565903a81e2325d2c7,67.5,0,0,-1,-1,-1,34.69
63072d755903a81e2325d2c9,66.5,0,0,-1,-1,-1,34.87
63072d945903a81e2325d2cb,66.5,0,0,-1,-1,-1,35.09
63072db35903a81e2325d2cd,67,0,0,-1,-1,-1,35.19
63072dd15903a81e2325d2cf,66,0,0,-1,-1,-1,35.31
63072df05903a81e2325d2d1,66.5,0,0,-1,-1,-1,35.39
63072e0f5903a81e2325d2d3,67,0,0,-1,-1,-1,35.53
63072e2d5903a81e2325d2d5,67,0,0,-1,-1,-1,35.57
63072e4c5903a81e2325d2d7,64.5,0,0,-1,-1,-1,35.57
63072e6b5903a81e2325d2d9,65.5,0,0,-1,-1,-1,35.75
63072e8a5903a81e2325d2db,65.5,0,0,-1,-1,-1,35.81
63072ea95903a81e2325d2dd,66,0,0,-1,-1,-1,35.81
63072ec75903a81e2325d2df,66,0,0,-1,-1,-1,35.89
63072ee65903a81e2325d2e1,66.5,0,0,-1,-1,-1,35.93
63072f055903a81e2325d2e3,66.5,0,0,-1,-1,-1,35.93
63072f235903a81e2325d2e5,66.5,0,0,-1,-1,-1,35.95
63072f425903a81e2325d2e7,66.5,0,0,-1,-1,-1,35.95
63072f615903a81e2325d2e9,66.5,0,1,-1,0,1,36.01
63072f805903a81e2325d2eb,66.5,0,1,-1,0,1,36.43
63072f9f5903a81e2325d2ed,64.5,0,0,-1,-1,-1,35.91
63072fbd5903a81e2325d2ef,65.5,0,0,-1,-1,-1,34.97
63072fdc5903a81e2325d2f1,66.5,0,0,-1,-1,-1,34.03
63072ffb5903a81e2325d2f3,69,0,-1,-1,1,0,33.17
6307301a5903a81e2325d2f5,71.5,0,-1,-1,1,0,32.83
630730395903a81e2325d2f7,73,0,-1,-1,1,0,32.83
630730585903a81e2325d2f9,73,0,-1,-1,1,0,33.11
630730765903a81e2325d2fb,71.5,0,-1,-1,1,0,33.35
630730955903a81e2325d2fd,70,0,-1,-1,1,0,33.69
630730b45903a81e2325d2ff,69,0,-1,-1,1,0,33.95
630730d25903a81e2325d301,68,0,0,-1,-1,-1,34.27
630730f15903a81e2325d303,68,0,0,-1,-1,-1,34.45
630731105903a81e2325d305,67.5,0,0,-1,-1,-1,34.71
6307312f5903a81e2325d307,66.5,0,0,-1,-1,-1,34.93
6307314e5903a81e2325d309,66,0,0,-1,-1,-1,35.09
6307316d5903a81e2325d30b,67,0,0,-1,-1,-1,35.19
6307318c5903a81e2325d30d,67,0,0,-1,-1,-1,35.29
630731aa5903a81e2325d30f,66.5,0,0,-1,-1,-1,35.39
630731c95903a81e2325d311,65.5,0,0,-1,-1,-1,35.47
630731e75903a81e2325d313,66.5,0,0,-1,-1,-1,35.51
630732065903a81e2325d315,66,0,0,-1,-1,-1,35.59
630732255903a81e2325d317,66.5,0,0,-1,-1,-1,35.67
630732445903a81e2325d319,67,0,0,-1,-1,-1,35.71
630732635903a81e2325d31b,66,0,0,-1,-1,-1,35.79
630732825903a81e2325d31d,67,0,0,-1,-1,-1,35.79
630732a05903a81e2325d31f,66.5,0,0,-1,-1,-1,35.89
630732bf5903a81e2325d321,67,0,0,-1,-1,-1,35.93
630732de5903a81e2325d323,66.5,0,0,-1,-1,-1,35.95
630732fc5903a81e2325d325,66,0,0,-1,-1,-1,35.95
6307331c5903a81e2325d327,66,0,0,-1,-1,-1,35.99
6307333a5903a81e2325d329,66.5,0,1,-1,0,1,36.03
630733595903a81e2325d32b,66,0,1,-1,0,1,36.39
630733785903a81e2325d32d,64.5,0,0,-1,-1,-1,35.83
630733975903a81e2325d32f,65.5,0,0,-1,-1,-1,34.89
630733b55903a81e2325d331,67,0,0,-1,-1,-1,34.01
630733d45903a81e2325d333,69,0,-1,-1,1,0,33.17
630733f35903a81e2325d335,71,0,-1,-1,1,0,32.77
630734115903a81e2325d337,73,0,-1,-1,1,0,32.75
630734305903a81e2325d339,73.5,0,-1,-1,1,0,33.05
6307344f5903a81e2325d33b,72,0,-1,-1,1,0,33.33
6307346e5903a81e2325d33d,70,0,-1,-1,1,0,33.61
6307348c5903a81e2325d33f,69,0,-1,-1,1,0,33.93
630734ab5903a81e2325d341,68.5,0,0,-1,-1,-1,34.21
630734ca5903a81e2325d343,67.5,0,0,-1,-1,-1,34.45
630734e95903a81e2325d345,68,0,0,-1,-1,-1,34.67
630735075903a81e2325d347,66.5,0,0,-1,-1,-1,34.81
630735275903a81e2325d349,67,0,0,-1,-1,-1,35.01
630735455903a81e2325d34b,66.5,0,0,-1,-1,-1,35.11
630735645903a81e2325d34d,66.5,0,0,-1,-1,-1,35.19
630735835903a81e2325d34f,66,0,0,-1,-1,-1,35.33
630735a25903a81e2325d351,66,0,0,-1,-1,-1,35.41
630735c05903a81e2325d353,67,0,0,-1,-1,-1,35.49
630735df5903a81e2325d355,67,0,0,-1,-1,-1,35.55
630735fe5903a81e2325d357,66,0,0,-1,-1,-1,35.69
6307361d5903a81e2325d359,66.5,0,0,-1,-1,-1,35.69
6307363b5903a81e2325d35b,67,0,0,-1,-1,-1,35.75
6307365a5903a81e2325d35d,67,0,0,-1,-1,-1,35.83
630736795903a81e2325d35f,66,0,0,-1,-1,-1,35.87
630736985903a81e2325d361,67,0,0,-1,-1,-1,35.89
630736b65903a81e2325d363,66.5,0,0,-1,-1,-1,35.95
630736d55903a81e2325d365,67,0,0,-1,-1,-1,35.99
630736f45903a81e2325d367,67,0,1,-1,0,1,36.05
630737135903a81e2325d369,66.5,0,1,-1,0,1,36.45
630737325903a81e2325d36b,64.5,0,0,-1,-1,-1,35.93
630737505903a81e2325d36d,65.5,0,0,-1,-1,-1,34.97
630737705903a81e2325d36f,67,0,0,-1,-1,-1,34.05
6307378e5903a81e2325d371,69,0,-1,-1,1,0,33.19
630737ad5903a81e2325d373,71.5,0,-1,-1,1,0,32.83
630737cc5903a81e2325d375,73.5,0,-1,-1,1,0,32.83
630737eb5903a81e2325d377,73,0,-1,-1,1,0,33.05
6307380a5903a81e2325d379,71.5,0,-1,-1,1,0,33.33
630738285903a81e2325d37b,70.5,0,-1,-1,1,0,33.63
630738475903a81e2325d37d,69.5,0,-1,-1,1,0,33.95
630738655903a81e2325d37f,68,0,0,-1,-1,-1,34.19
630738855903a81e2325d381,68,0,0,-1,-1,-1,34.43
630738a35903a81e2325d383,67.5,0,0,-1,-1,-1,34.63
630738c25903a81e2325d385,67,0,0,-1,-1,-1,34.79
630738e15903a81e2325d387,66,0,0,-1,-1,-1,35.01
630739005903a81e2325d389,66.5,0,0,-1,-1,-1,35.17
6307391e5903a81e2325d38b,66,0,0,-1,-1,-1,35.25
6307393d5903a81e2325d38d,67,0,0,-1,-1,-1,35.33
6307395c5903a81e2325d38f,67,0,0,-1,-1,-1,35.37
6307397b5903a81e2325d391,66.5,0,0,-1,-1,-1,35.49
630739995903a81e2325d393,66.5,0,0,-1,-1,-1,35.55
630739b95903a81e2325d395,65.5,0,0,-1,-1,-1,35.65
630739d75903a81e2325d397,66.5,0,0,-1,-1,-1,35.65
630739f65903a81e2325d399,66.5,0,0,-1,-1,-1,35.67
63073a145903a81e2325d39b,66.5,0,0,-1,-1,-1,35.71
63073a335903a81e2325d39d,66.5,0,0,-1,-1,-1,35.77
63073a525903a81e2325d39f,66.5,0,0,-1,-1,-1,35.83
63073a715903a81e2325d3a1,67,0,0,-1,-1,-1,35.91
63073a8f5903a81e2325d3a3,66,0,0,-1,-1,-1,35.89
63073aae5903a81e2325d3a5,65.5,0,0,-1,-1,-1,35.89
63073acd5903a81e2325d3a7,66.5,0,0,-1,-1,-1,35.97
63073aeb5903a81e2325d3a9,66.5,0,0,-1,-1,-1,35.99
63073b0a5903a81e2325d3ab,66.5,0,1,-1,0,1,36.03
63073b295903a81e2325d3ad,66.5,0,1,-1,0,1,36.53
63073b485903a81e2325d3af,65,0,0,-1,-1,-1,35.89
63073b675903a81e2325d3b1,65,0,0,-1,-1,-1,34.97
63073b865903a81e2325d3b3,67,0,0,-1,-1,-1,34.03
63073ba45903a81e2325d3b5,69,0,-1,-1,1,0,33.17
63073bc35903a81e2325d3b7,71.5,0,-1,-1,1,0,32.85
63073be25903a81e2325d3b9,73,0,-1,-1,1,0,32.85
63073c005903a81e2325d3bb,72.5,0,-1,-1,1,0,33.03
63073c1f5903a81e2325d3bd,70,0,-1,-1,1,0,33.29
63073c3e5903a81e2325d3bf,70,0,-1,-1,1,0,33.61
63073c5d5903a81e2325d3c1,69.5,0,-1,-1,1,0,33.91
63073c7c5903a81e2325d3c3,68,0,0,-1,-1,-1,34.21
63073c9b5903a81e2325d3c5,68,0,0,-1,-1,-1,34.41
63073cb95903a81e2325d3c7,68,0,0,-1,-1,-1,34.61
63073cd85903a81e2325d3c9,66,0,0,-1,-1,-1,34.79
63073cf75903a81e2325d3cb,67.5,0,0,-1,-1,-1,34.91
63073d155903a81e2325d3cd,67,0,0,-1,-1,-1,35.13
63073d345903a81e2325d3cf,66,0,0,-1,-1,-1,35.23
63073d535903a81e2325d3d1,66,0,0,-1,-1,-1,35.35
63073d725903a81e2325d3d3,66.5,0,0,-1,-1,-1,35.39
63073d915903a81e2325d3d5,66.5,0,0,-1,-1,-1,35.51
63073daf5903a81e2325d3d7,67,0,0,-1,-1,-1,35.55
63073dce5903a81e2325d3d9,67,0,0,-1,-1,-1,35.59
63073ded5903a81e2325d3db,67,0,0,-1,-1,-1,35.67
63073e0c5903a81e2325d3dd,66.5,0,0,-1,-1,-1,35.69
63073e2a5903a81e2325d3df,65.5,0,0,-1,-1,-1,35.77
63073e495903a81e2325d3e1,65.5,0,0,-1,-1,-1,35.73
63073e685903a81e2325d3e3,66,0,0,-1,-1,-1,35.81
63073e875903a81e2325d3e5,66,0,0,-1,-1,-1,35.81
63073ea55903a81e2325d3e7,65.5,0,0,-1,-1,-1,35.89
63073ec45903a81e2325d3e9,66,0,0,-1,-1,-1,35.93
63073ee35903a81e2325d3eb,67,0,0,-1,-1,-1,35.93
63073f025903a81e2325d3ed,66.5,0,0,-1,-1,-1,35.93
63073f215903a81e2325d3ef,67,0,0,-1,-1,-1,35.97
63073f3f5903a81e2325d3f1,66,0,1,-1,0,1,36.01
63073f5e5903a81e2325d3f3,67,0,1,-1,0,1,36.47
63073f7d5903a81e2325d3f5,64.5,0,0,-1,-1,-1,35.91
63073f9c5903a81e2325d3f7,65.5,0,0,-1,-1,-1,35.01
63073fba5903a81e2325d3f9,66.5,0,0,-1,-1,-1,34.05
63073fd95903a81e2325d3fb,69,0,-1,-1,1,0,33.21
63073ff85903a81e2325d3fd,71,0,-1,-1,1,0,32.89
630740175903a81e2325d3ff,73,0,-1,-1,1,0,32.83
630740365903a81e2325d401,73,0,-1,-1,1,0,33.03
630740545903a81e2325d403,72.5,0,-1,-1,1,0,33.33
630740735903a81e2325d405,70,0,-1,-1,1,0,33.59
630740925903a81e2325d407,70,0,-1,-1,1,0,33.93
630740b15903a81e2325d409,69.5,0,0,-1,-1,-1,34.13
630740cf5903a81e2325d40b,68.5,0,0,-1,-1,-1,34.39
630740ee5903a81e2325d40d,67,0,0,-1,-1,-1,34.59
6307410d5903a81e2325d40f,67.5,0,0,-1,-1,-1,34.79
6307412c5903a81e2325d411,67.5,0,0,-1,-1,-1,34.91
6307414b5903a81e2325d413,67.5,0,0,-1,-1,-1,35.11
630741695903a81e2325d415,67.5,0,0,-1,-1,-1,35.19
630741895903a81e2325d417,67,0,0,-1,-1,-1,35.29
630741a75903a81e2325d419,67.5,0,0,-1,-1,-1,35.37
630741c75903a81e2325d41b,66,0,0,-1,-1,-1,35.41
630741e45903a81e2325d41d,67.5,0,0,-1,-1,-1,35.49
630742035903a81e2325d41f,67.5,0,0,-1,-1,-1,35.55
630742225903a81e2325d421,67,0,0,-1,-1,-1,35.55
630742405903a81e2325d423,66.5,0,0,-1,-1,-1,35.69
630742605903a81e2325d425,66,0,0,-1,-1,-1,35.69
6307427e5903a81e2325d427,67,0,0,-1,-1,-1,35.73
6307429d5903a81e2325d429,67,0,0,-1,-1,-1,35.75
630742bc5903a81e2325d42b,66.5,0,0,-1,-1,-1,35.77
630742db5903a81e2325d42d,66.5,0,0,-1,-1,-1,35.83
630742f95903a81e2325d42f,66.5,0,0,-1,-1,-1,35.87
630743185903a81e2325d431,67,0,0,-1,-1,-1,35.93
630743375903a81e2325d433,66.5,0,0,-1,-1,-1,35.91
630743565903a81e2325d435,67,0,0,-1,-1,-1,35.99
630743745903a81e2325d437,67,0,0,-1,-1,-1,35.99
630743b25903a81e2325d439,66.5,0,1,-1,0,1,36.47
630743d15903a81e2325d43b,64.5,0,0,-1,-1,-1,35.93
630743f05903a81e2325d43d,65.5,0,0,-1,-1,-1,34.95
6307440f5903a81e2325d43f,67.5,0,0,-1,-1,-1,34.05
6307442e5903a81e2325d441,69,0,-1,-1,1,0,33.25
6307444c5903a81e2325d443,71.5,0,-1,-1,1,0,32.85
6307446b5903a81e2325d445,73,0,-1,-1,1,0,32.83
630744895903a81e2325d447,72.5,0,-1,-1,1,0,32.99
630744a85903a81e2325d449,71.5,0,-1,-1,1,0,33.31
630744c75903a81e2325d44b,71.5,0,-1,-1,1,0,33.61
630744e65903a81e2325d44d,70.5,0,-1,-1,1,0,33.91
630745055903a81e2325d44f,69.5,0,0,-1,-1,-1,34.17
630745235903a81e2325d451,68,0,0,-1,-1,-1,34.37
630745425903a81e2325d453,68,0,0,-1,-1,-1,34.57
630745615903a81e2325d455,68,0,0,-1,-1,-1,34.79
6307457f5903a81e2325d457,67.5,0,0,-1,-1,-1,34.95
6307459e5903a81e2325d459,67.5,0,0,-1,-1,-1,35.09
630745bd5903a81e2325d45b,67,0,0,-1,-1,-1,35.15
630745dc5903a81e2325d45d,67,0,0,-1,-1,-1,35.29
630745fb5903a81e2325d45f,67.5,0,0,-1,-1,-1,35.31
6307461a5903a81e2325d461,67.5,0,0,-1,-1,-1,35.41
630746385903a81e2325d463,67.5,0,0,-1,-1,-1,35.45
630746575903a81e2325d465,67.5,0,0,-1,-1,-1,35.47
630746765903a81e2325d467,67.5,0,0,-1,-1,-1,35.51
630746945903a81e2325d469,67,0,0,-1,-1,-1,35.61
630746b35903a81e2325d46b,67,0,0,-1,-1,-1,35.67
630746d25903a81e2325d46d,66.5,0,0,-1,-1,-1,35.73
630746f15903a81e2325d46f,67,0,0,-1,-1,-1,35.71
630747105903a81e2325d471,67,0,0,-1,-1,-1,35.73
6307472f5903a81e2325d473,67,0,0,-1,-1,-1,35.73
6307474d5903a81e2325d475,67,0,0,-1,-1,-1,35.79
6307476c5903a81e2325d477,66.5,0,0,-1,-1,-1,35.89
6307478b5903a81e2325d479,67,0,0,-1,-1,-1,35.87
630747a95903a81e2325d47b,67,0,0,-1,-1,-1,35.87
630747c85903a81e2325d47d,66.5,0,0,-1,-1,-1,35.87
630747e75903a81e2325d47f,66.5,0,0,-1,-1,-1,35.89
630748065903a81e2325d481,67,0,0,-1,-1,-1,35.91
630748255903a81e2325d483,67,0,0,-1,-1,-1,35.93
630748435903a81e2325d485,66.5,0,0,-1,-1,-1,35.97
630748635903a81e2325d487,67,0,1,-1,0,1,36.01
630748815903a81e2325d489,66.5,0,1,-1,0,1,36.41
630748a05903a81e2325d48b,65.5,0,0,-1,-1,-1,35.83
630748be5903a81e2325d48d,65.5,0,0,-1,-1,-1,34.95
630748dd5903a81e2325d48f,68,0,0,-1,-1,-1,34.07
630748fc5903a81e2325d491,69,0,-1,-1,1,0,33.29
6307491b5903a81e2325d493,71,0,-1,-1,1,0,32.83
630749395903a81e2325d495,73,0,-1,-1,1,0,32.81
630749585903a81e2325d497,72,0,-1,-1,1,0,33.03
630749775903a81e2325d499,71,0,-1,-1,1,0,33.27
630749965903a81e2325d49b,70.5,0,-1,-1,1,0,33.59
630749b55903a81e2325d49d,70.5,0,-1,-1,1,0,33.85
630749d35903a81e2325d49f,69,0,0,-1,-1,-1,34.13
630749f25903a81e2325d4a1,68,0,0,-1,-1,-1,34.39
63074a115903a81e2325d4a3,68,0,0,-1,-1,-1,34.57
63074a305903a81e2325d4a5,67.5,0,0,-1,-1,-1,34.75
63074a4f5903a81e2325d4a7,66.5,0,0,-1,-1,-1,34.91
63074a6d5903a81e2325d4a9,67,0,0,-1,-1,-1,35.05
63074a8c5903a81e2325d4ab,66.5,0,0,-1,-1,-1,35.13
63074aab5903a81e2325d4ad,66.5,0,0,-1,-1,-1,35.23
63074aca5903a81e2325d4af,66.5,0,0,-1,-1,-1,35.31
63074ae85903a81e2325d4b1,66.5,0,0,-1,-1,-1,35.35
63074b075903a81e2325d4b3,66.5,0,0,-1,-1,-1,35.39
63074b265903a81e2325d4b5,66.5,0,0,-1,-1,-1,35.47
63074b455903a81e2325d4b7,67,0,0,-1,-1,-1,35.53
63074b635903a81e2325d4b9,67,0,0,-1,-1,-1,35.59
63074b825903a81e2325d4bb,67,0,0,-1,-1,-1,35.59
63074ba15903a81e2325d4bd,67,0,0,-1,-1,-1,35.67
63074bc05903a81e2325d4bf,66.5,0,0,-1,-1,-1,35.69
63074bdf5903a81e2325d4c1,67,0,0,-1,-1,-1,35.71
63074bfe5903a81e2325d4c3,66.5,0,0,-1,-1,-1,35.75
63074c1c5903a81e2325d4c5,66,0,0,-1,-1,-1,35.77
63074c3b5903a81e2325d4c7,67,0,0,-1,-1,-1,35.87
63074c5a5903a81e2325d4c9,66.5,0,0,-1,-1,-1,35.79
63074c795903a81e2325d4cb,67,0,0,-1,-1,-1,35.77
63074c975903a81e2325d4cd,67,0,0,-1,-1,-1,35.87
63074cb65903a81e2325d4cf,66,0,0,-1,-1,-1,35.83
63074cd55903a81e2325d4d1,66,0,0,-1,-1,-1,35.83
63074cf45903a81e2325d4d3,66.5,0,0,-1,-1,-1,35.89
63074d135903a81e2325d4d5,66.5,0,0,-1,-1,-1,35.87
63074d315903a81e2325d4d7,66.5,0,0,-1,-1,-1,35.91
63074d505903a81e2325d4d9,65.5,0,0,-1,-1,-1,35.89
63074d6f5903a81e2325d4db,66.5,0,0,-1,-1,-1,35.95
63074d8d5903a81e2325d4dd,65,0,0,-1,-1,-1,35.93
63074dac5903a81e2325d4df,65,0,0,-1,-1,-1,35.91
63074dcb5903a81e2325d4e1,66,0,0,-1,-1,-1,35.95
63074dea5903a81e2325d4e3,64.5,0,0,-1,-1,-1,35.97
63074e095903a81e2325d4e5,65.5,0,0,-1,-1,-1,35.99
63074e285903a81e2325d4e7,65.5,0,1,-1,0,1,36.01
63074e465903a81e2325d4e9,64.5,0,1,-1,0,1,36.43
63074e655903a81e2325d4eb,65.5,0,0,-1,-1,-1,35.95
63074e845903a81e2325d4ed,65.5,0,0,-1,-1,-1,35.11
63074ea25903a81e2325d4ef,68,0,0,-1,-1,-1,34.19
63074ec15903a81e2325d4f1,69.5,0,-1,-1,1,0,33.37
63074ee05903a81e2325d4f3,71.5,0,-1,-1,1,0,32.97
63074eff5903a81e2325d4f5,73,0,-1,-1,1,0,32.97
63074f1e5903a81e2325d4f7,72,0,-1,-1,1,0,33.13
63074f3c5903a81e2325d4f9,71.5,0,-1,-1,1,0,33.39
63074f5b5903a81e2325d4fb,70,0,-1,-1,1,0,33.65
63074f7a5903a81e2325d4fd,69.5,0,-1,-1,1,0,33.95
63074f995903a81e2325d4ff,68,0,0,-1,-1,-1,34.19
63074fb75903a81e2325d501,67.5,0,0,-1,-1,-1,34.45
63074fd65903a81e2325d503,67,0,0,-1,-1,-1,34.63
63074ff55903a81e2325d505,67,0,0,-1,-1,-1,34.83
630750145903a81e2325d507,67.5,0,0,-1,-1,-1,34.93
630750335903a81e2325d509,67,0,0,-1,-1,-1,35.11
630750515903a81e2325d50b,66.5,0,0,-1,-1,-1,35.23
630750705903a81e2325d50d,66.5,0,0,-1,-1,-1,35.27
6307508f5903a81e2325d50f,66.5,0,0,-1,-1,-1,35.33
630750ad5903a81e2325d511,66,0,0,-1,-1,-1,35.41
630750cc5903a81e2325d513,66,0,0,-1,-1,-1,35.53
630750eb5903a81e2325d515,65,0,0,-1,-1,-1,35.59
6307510a5903a81e2325d517,66,0,0,-1,-1,-1,35.61
630751295903a81e2325d519,65.5,0,0,-1,-1,-1,35.69
630751475903a81e2325d51b,65.5,0,0,-1,-1,-1,35.67
630751675903a81e2325d51d,66,0,0,-1,-1,-1,35.75
630751855903a81e2325d51f,66,0,0,-1,-1,-1,35.79
630751a45903a81e2325d521,65.5,0,0,-1,-1,-1,35.81
630751c35903a81e2325d523,66,0,0,-1,-1,-1,35.79
630751e25903a81e2325d525,67,0,0,-1,-1,-1,35.91
630752005903a81e2325d527,66.5,0,0,-1,-1,-1,35.93
6307521f5903a81e2325d529,65.5,0,0,-1,-1,-1,35.95
6307523e5903a81e2325d52b,65,0,0,-1,-1,-1,35.87
6307525d5903a81e2325d52d,66.5,0,0,-1,-1,-1,35.91
6307527b5903a81e2325d52f,66,0,0,-1,-1,-1,35.95
6307529a5903a81e2325d531,66,0,0,-1,-1,-1,35.95
630752ba5903a81e2325d533,66,0,0,-1,-1,-1,35.97
630752d75903a81e2325d535,65.5,0,0,-1,-1,-1,35.99
630752f65903a81e2325d537,65,0,0,-1,-1,-1,35.97
630753155903a81e2325d539,66,0,1,-1,0,1,36.05
630753345903a81e2325d53b,66,0,1,-1,0,1,36.53
630753535903a81e2325d53d,65,0,1,-1,0,1,36.03
630753725903a81e2325d53f,65.5,0,0,-1,-1,-1,35.11
630753905903a81e2325d541,67.5,0,0,-1,-1,-1,34.23
630753af5903a81e2325d543,69.5,0,-1,-1,1,0,33.39
630753ce5903a81e2325d545,71.5,0,-1,-1,1,0,32.99
630753ec5903a81e2325d547,73.5,0,-1,-1,1,0,32.99
6307540b5903a81e2325d549,72.5,0,-1,-1,1,0,33.15
6307542a5903a81e2325d54b,71,0,-1,-1,1,0,33.43
630754495903a81e2325d54d,71,0,-1,-1,1,0,33.65
630754685903a81e2325d54f,70,0,-1,-1,1,0,33.95
630754865903a81e2325d551,68,0,0,-1,-1,-1,34.19
630754a55903a81e2325d553,68,0,0,-1,-1,-1,34.45
630754c45903a81e2325d555,66.5,0,0,-1,-1,-1,34.65
630754e35903a81e2325d557,66.5,0,0,-1,-1,-1,34.83
630755015903a81e2325d559,66,0,0,-1,-1,-1,34.97
630755205903a81e2325d55b,66,0,0,-1,-1,-1,35.11
6307553f5903a81e2325d55d,65.5,0,0,-1,-1,-1,35.23
6307555e5903a81e2325d55f,66,0,0,-1,-1,-1,35.35
6307557d5903a81e2325d561,65.5,0,0,-1,-1,-1,35.41
6307559c5903a81e2325d563,67,0,0,-1,-1,-1,35.55
630755ba5903a81e2325d565,66.5,0,0,-1,-1,-1,35.61
630755d95903a81e2325d567,65.5,0,0,-1,-1,-1,35.69
630755f85903a81e2325d569,65.5,0,0,-1,-1,-1,35.75
630756175903a81e2325d56b,65.5,0,0,-1,-1,-1,35.79
630756355903a81e2325d56d,65,0,0,-1,-1,-1,35.79
630756735903a81e2325d56f,65.5,0,0,-1,-1,-1,35.89
630756925903a81e2325d571,65,0,0,-1,-1,-1,35.89
630756b15903a81e2325d573,65.5,0,0,-1,-1,-1,35.93
630756cf5903a81e2325d575,66,0,0,-1,-1,-1,35.95
630756ee5903a81e2325d577,65.5,0,0,-1,-1,-1,35.99
6307570d5903a81e2325d579,66,0,1,-1,0,1,36.05
6307572c5903a81e2325d57b,66,0,1,-1,0,1,36.43
6307574b5903a81e2325d57d,65,0,0,-1,-1,-1,35.91
630757695903a81e2325d57f,65.5,0,0,-1,-1,-1,35.01
630757885903a81e2325d581,68,0,0,-1,-1,-1,34.13
630757a75903a81e2325d583,69.5,0,-1,-1,1,0,33.29
630757c65903a81e2325d585,71.5,0,-1,-1,1,0,32.89
630757e45903a81e2325d587,73,0,-1,-1,1,0,32.87
630758035903a81e2325d589,72.5,0,-1,-1,1,0,33.03
630758225903a81e2325d58b,72,0,-1,-1,1,0,33.31
630758415903a81e2325d58d,70.5,0,-1,-1,1,0,33.61
630758605903a81e2325d58f,69,0,-1,-1,1,0,33.91
6307587e5903a81e2325d591,68.5,0,0,-1,-1,-1,34.19
6307589d5903a81e2325d593,68,0,0,-1,-1,-1,34.43
630758bb5903a81e2325d595,67.5,0,0,-1,-1,-1,34.67
630758da5903a81e2325d597,67.5,0,0,-1,-1,-1,34.87
630758f95903a81e2325d599,67,0,0,-1,-1,-1,35.07
630759185903a81e2325d59b,66,0,0,-1,-1,-1,35.15
630759375903a81e2325d59d,66,0,0,-1,-1,-1,35.29
630759555903a81e2325d59f,66,0,0,-1,-1,-1,35.41
630759745903a81e2325d5a1,66.5,0,0,-1,-1,-1,35.47
630759935903a81e2325d5a3,66,0,0,-1,-1,-1,35.51
630759b15903a81e2325d5a5,65.5,0,0,-1,-1,-1,35.65
630759d05903a81e2325d5a7,65,0,0,-1,-1,-1,35.71
630759ef5903a81e2325d5a9,65,0,0,-1,-1,-1,35.75
63075a0e5903a81e2325d5ab,64.5,0,0,-1,-1,-1,35.81
63075a2d5903a81e2325d5ad,66,0,0,-1,-1,-1,35.83
63075a4c5903a81e2325d5af,65.5,0,0,-1,-1,-1,35.89
63075a6a5903a81e2325d5b1,65,0,0,-1,-1,-1,35.93
63075a895903a81e2325d5b3,65.5,0,0,-1,-1,-1,35.91
63075aa85903a81e2325d5b5,66,0,0,-1,-1,-1,35.95
63075ac75903a81e2325d5b7,65.5,0,0,-1,-1,-1,35.99
63075ae55903a81e2325d5b9,65.5,0,0,-1,-1,-1,35.97
63075b045903a81e2325d5bb,65,0,0,-1,-1,-1,35.95
63075b235903a81e2325d5bd,65.5,0,0,-1,-1,-1,35.99
63075b415903a81e2325d5bf,66,0,1,-1,0,1,36.01
63075b605903a81e2325d5c1,65.5,0,1,-1,0,1,36.45
63075b7f5903a81e2325d5c3,65,0,0,-1,-1,-1,35.93
63075b9e5903a81e2325d5c5,65.5,0,0,-1,-1,-1,35.05
63075bbd5903a81e2325d5c7,67,0,0,-1,-1,-1,34.05
63075bdc5903a81e2325d5c9,69.5,0,-1,-1,1,0,33.21
63075bfa5903a81e2325d5cb,71.5,0,-1,-1,1,0,32.83
63075c195903a81e2325d5cd,72.5,0,-1,-1,1,0,32.83
63075c385903a81e2325d5cf,72.5,0,-1,-1,1,0,32.99
63075c565903a81e2325d5d1,71.5,0,-1,-1,1,0,33.31
63075c755903a81e2325d5d3,70.5,0,-1,-1,1,0,33.59
63075c945903a81e2325d5d5,69.5,0,-1,-1,1,0,33.93
63075cb35903a81e2325d5d7,69,0,0,-1,-1,-1,34.15
63075cd25903a81e2325d5d9,67.5,0,0,-1,-1,-1,34.39
63075cf05903a81e2325d5db,68,0,0,-1,-1,-1,34.67
63075d0f5903a81e2325d5dd,67,0,0,-1,-1,-1,34.83
63075d2e5903a81e2325d5df,66.5,0,0,-1,-1,-1,34.97
63075d4d5903a81e2325d5e1,66,0,0,-1,-1,-1,35.15
63075d6c5903a81e2325d5e3,66,0,0,-1,-1,-1,35.25
63075d8b5903a81e2325d5e5,65.5,0,0,-1,-1,-1,35.37
63075da95903a81e2325d5e7,66,0,0,-1,-1,-1,35.49
63075dc85903a81e2325d5e9,65,0,0,-1,-1,-1,35.57
63075de75903a81e2325d5eb,66,0,0,-1,-1,-1,35.61
63075e065903a81e2325d5ed,66.5,0,0,-1,-1,-1,35.69
63075e245903a81e2325d5ef,65.5,0,0,-1,-1,-1,35.73
63075e435903a81e2325d5f1,66,0,0,-1,-1,-1,35.71
63075e625903a81e2325d5f3,65,0,0,-1,-1,-1,35.79
63075e815903a81e2325d5f5,66,0,0,-1,-1,-1,35.79
63075e9f5903a81e2325d5f7,67,0,0,-1,-1,-1,35.83
63075ebe5903a81e2325d5f9,65.5,0,0,-1,-1,-1,35.87
63075edd5903a81e2325d5fb,65,0,0,-1,-1,-1,35.91
63075efc5903a81e2325d5fd,65.5,0,0,-1,-1,-1,35.93
63075f1b5903a81e2325d5ff,65.5,0,1,-1,0,1,36.03
63075f395903a81e2325d601,65,0,1,-1,0,1,36.39
63075f585903a81e2325d603,65,0,0,-1,-1,-1,35.89
63075f775903a81e2325d605,66,0,0,-1,-1,-1,34.93
63075f965903a81e2325d607,68,0,-1,-1,1,0,33.99
63075fb45903a81e2325d609,69.5,0,-1,-1,1,0,33.51
63075fd45903a81e2325d60b,71.5,0,-1,-1,1,0,33.41
63075ff35903a81e2325d60d,71,0,-1,-1,1,0,33.53
630760115903a81e2325d60f,70.5,0,-1,-1,1,0,33.79
6307602f5903a81e2325d611,69,0,0,-1,-1,-1,34.03
6307604e5903a81e2325d613,69,0,0,-1,-1,-1,34.27
6307606d5903a81e2325d615,68,0,0,-1,-1,-1,34.45
6307608c5903a81e2325d617,68,0,0,-1,-1,-1,34.67
630760ab5903a81e2325d619,66.5,0,0,-1,-1,-1,34.83
630760c95903a81e2325d61b,66.5,0,0,-1,-1,-1,34.93
630760e85903a81e2325d61d,67,0,0,-1,-1,-1,35.13
630761075903a81e2325d61f,65.5,0,0,-1,-1,-1,35.25
630761265903a81e2325d621,65,0,0,-1,-1,-1,35.35
630761445903a81e2325d623,66,0,0,-1,-1,-1,35.45
630761635903a81e2325d625,65.5,0,0,-1,-1,-1,35.49
630761825903a81e2325d627,65,0,0,-1,-1,-1,35.57
630761a15903a81e2325d629,65.5,0,0,-1,-1,-1,35.65
630761c05903a81e2325d62b,64.5,0,0,-1,-1,-1,35.71
630761de5903a81e2325d62d,65,0,0,-1,-1,-1,35.73
630761fd5903a81e2325d62f,65,0,0,-1,-1,-1,35.77
6307621c5903a81e2325d631,66,0,0,-1,-1,-1,35.81
6307623b5903a81e2325d633,65,0,0,-1,-1,-1,35.89
6307625a5903a81e2325d635,65.5,0,0,-1,-1,-1,35.89
630762785903a81e2325d637,65.5,0,0,-1,-1,-1,35.93
630762975903a81e2325d639,65,0,0,-1,-1,-1,35.97
630762b65903a81e2325d63b,64.5,0,0,-1,-1,-1,35.99
630762d55903a81e2325d63d,65.5,0,0,-1,-1,-1,35.99
630762f35903a81e2325d63f,65,0,0,-1,-1,-1,35.99
630763125903a81e2325d641,65,0,0,-1,-1,-1,35.97
630763315903a81e2325d643,66,0,0,-1,-1,-1,35.97
6307634f5903a81e2325d645,66,0,0,-1,-1,-1,35.99
6307636e5903a81e2325d647,66.5,0,1,-1,0,1,36.01
6307638d5903a81e2325d649,65.5,0,1,-1,0,1,36.45
630763ac5903a81e2325d64b,65,0,0,-1,-1,-1,35.83
630763cb5903a81e2325d64d,65.5,0,0,-1,-1,-1,34.95
630763e95903a81e2325d64f,67.5,0,0,-1,-1,-1,34.05
630764085903a81e2325d651,69,0,-1,-1,1,0,33.21
630764275903a81e2325d653,71.5,0,-1,-1,1,0,32.87
630764465903a81e2325d655,73.5,0,-1,-1,1,0,32.87
630764645903a81e2325d657,72.5,0,-1,-1,1,0,33.03
630764835903a81e2325d659,71,0,-1,-1,1,0,33.31
630764a25903a81e2325d65b,70,0,-1,-1,1,0,33.65
630764c15903a81e2325d65d,69.5,0,-1,-1,1,0,33.93
630764e05903a81e2325d65f,68.5,0,0,-1,-1,-1,34.19
630764fe5903a81e2325d661,67.5,0,0,-1,-1,-1,34.39
6307651d5903a81e2325d663,66.5,0,0,-1,-1,-1,34.63
6307653c5903a81e2325d665,67,0,0,-1,-1,-1,34.85
6307655b5903a81e2325d667,67,0,0,-1,-1,-1,35.03
6307657a5903a81e2325d669,66.5,0,0,-1,-1,-1,35.15
630765985903a81e2325d66b,65.5,0,0,-1,-1,-1,35.29
630765b75903a81e2325d66d,66.5,0,0,-1,-1,-1,35.37
630765d65903a81e2325d66f,66,0,0,-1,-1,-1,35.49
630765f45903a81e2325d671,66.5,0,0,-1,-1,-1,35.55
630766145903a81e2325d673,66.5,0,0,-1,-1,-1,35.61
630766335903a81e2325d675,65.5,0,0,-1,-1,-1,35.69
630766515903a81e2325d677,65.5,0,0,-1,-1,-1,35.71
630766705903a81e2325d679,65.5,0,0,-1,-1,-1,35.73
6307668e5903a81e2325d67b,66,0,0,-1,-1,-1,35.79
630766ad5903a81e2325d67d,66,0,0,-1,-1,-1,35.77
630766cc5903a81e2325d67f,66,0,0,-1,-1,-1,35.75
630766eb5903a81e2325d681,66.5,0,0,-1,-1,-1,35.77
630767095903a81e2325d683,65.5,0,0,-1,-1,-1,35.79
630767285903a81e2325d685,65.5,0,0,-1,-1,-1,35.77
630767475903a81e2325d687,66,0,0,-1,-1,-1,35.81
630767665903a81e2325d689,66,0,0,-1,-1,-1,35.83
630767845903a81e2325d68b,65.5,0,0,-1,-1,-1,35.89
630767a35903a81e2325d68d,66.5,0,0,-1,-1,-1,35.87
630767c25903a81e2325d68f,65.5,0,0,-1,-1,-1,35.89
630767e15903a81e2325d691,66.5,0,0,-1,-1,-1,35.89
630768005903a81e2325d693,66,0,0,-1,-1,-1,35.97
6307681f5903a81e2325d695,65.5,0,0,-1,-1,-1,35.99
6307683d5903a81e2325d697,66,0,0,-1,-1,-1,35.99
6307685c5903a81e2325d699,65.5,0,1,-1,0,1,36.03
6307687b5903a81e2325d69b,66,0,1,-1,0,1,36.45
6307689a5903a81e2325d69d,65,0,0,-1,-1,-1,35.93
630768b95903a81e2325d69f,66,0,0,-1,-1,-1,35.05
630768d75903a81e2325d6a1,68,0,0,-1,-1,-1,34.09
630768f65903a81e2325d6a3,70,0,-1,-1,1,0,33.29
630769155903a81e2325d6a5,71.5,0,-1,-1,1,0,32.89
630769345903a81e2325d6a7,73,0,-1,-1,1,0,32.91
630769535903a81e2325d6a9,72.5,0,-1,-1,1,0,33.07
630769715903a81e2325d6ab,72,0,-1,-1,1,0,33.35
630769905903a81e2325d6ad,70.5,0,-1,-1,1,0,33.65
630769ae5903a81e2325d6af,69.5,0,-1,-1,1,0,33.97
630769cd5903a81e2325d6b1,68,0,0,-1,-1,-1,34.23
630769ec5903a81e2325d6b3,67.5,0,0,-1,-1,-1,34.41
63076a0b5903a81e2325d6b5,67.5,0,0,-1,-1,-1,34.65
63076a2b5903a81e2325d6b7,66.5,0,0,-1,-1,-1,34.83
63076a485903a81e2325d6b9,67,0,0,-1,-1,-1,35.03
63076a675903a81e2325d6bb,66.5,0,0,-1,-1,-1,35.11
63076a865903a81e2325d6bd,65.5,0,0,-1,-1,-1,35.25
63076aa65903a81e2325d6bf,65.5,0,0,-1,-1,-1,35.31
63076ac35903a81e2325d6c1,66,0,0,-1,-1,-1,35.49
63076ae25903a81e2325d6c3,65.5,0,0,-1,-1,-1,35.53
63076b015903a81e2325d6c5,67,0,0,-1,-1,-1,35.59
63076b205903a81e2325d6c7,64.5,0,0,-1,-1,-1,35.67
63076b3f5903a81e2325d6c9,65.5,0,0,-1,-1,-1,35.75
63076b5d5903a81e2325d6cb,66,0,0,-1,-1,-1,35.83
63076b7c5903a81e2325d6cd,65,0,0,-1,-1,-1,35.81
63076b9b5903a81e2325d6cf,66,0,0,-1,-1,-1,35.89
63076bba5903a81e2325d6d1,66,0,0,-1,-1,-1,35.93
63076bd85903a81e2325d6d3,65,0,0,-1,-1,-1,35.89
63076bf75903a81e2325d6d5,66,0,0,-1,-1,-1,35.93
63076c165903a81e2325d6d7,65.5,0,0,-1,-1,-1,35.95
63076c355903a81e2325d6d9,66,0,0,-1,-1,-1,35.97
63076c545903a81e2325d6db,65.5,0,1,-1,0,1,36.11
63076c735903a81e2325d6dd,66.5,0,1,-1,0,1,36.45
63076c915903a81e2325d6df,65,0,0,-1,-1,-1,35.89
63076cb05903a81e2325d6e1,65.5,0,0,-1,-1,-1,35.01
63076cce5903a81e2325d6e3,67,0,0,-1,-1,-1,34.07
63076cee5903a81e2325d6e5,69.5,0,-1,-1,1,0,33.27
63076d0c5903a81e2325d6e7,71.5,0,-1,-1,1,0,32.87
63076d2b5903a81e2325d6e9,73.5,0,-1,-1,1,0,32.87
63076d4a5903a81e2325d6eb,73.5,0,-1,-1,1,0,33.05
63076d685903a81e2325d6ed,70.5,0,-1,-1,1,0,33.33
63076d875903a81e2325d6ef,70,0,-1,-1,1,0,33.61
63076da65903a81e2325d6f1,69,0,-1,-1,1,0,33.93
63076dc65903a81e2325d6f3,69.5,0,0,-1,-1,-1,34.17
63076de45903a81e2325d6f5,68,0,0,-1,-1,-1,34.43
63076e035903a81e2325d6f7,67.5,0,0,-1,-1,-1,34.61
63076e215903a81e2325d6f9,67,0,0,-1,-1,-1,34.81
63076e405903a81e2325d6fb,67,0,0,-1,-1,-1,34.95
63076e5f5903a81e2325d6fd,67,0,0,-1,-1,-1,35.11
63076e7d5903a81e2325d6ff,66.5,0,0,-1,-1,-1,35.19
63076e9c5903a81e2325d701,66.5,0,0,-1,-1,-1,35.29
63076ebb5903a81e2325d703,65.5,0,0,-1,-1,-1,35.41
63076eda5903a81e2325d705,67,0,0,-1,-1,-1,35.53
63076ef95903a81e2325d707,67.5,0,0,-1,-1,-1,35.59
63076f185903a81e2325d709,66.5,0,0,-1,-1,-1,35.65
63076f365903a81e2325d70b,67,0,0,-1,-1,-1,35.69
63076f555903a81e2325d70d,66,0,0,-1,-1,-1,35.71
63076f745903a81e2325d70f,66,0,0,-1,-1,-1,35.81
63076f935903a81e2325d711,66.5,0,0,-1,-1,-1,35.89
63076fb15903a81e2325d713,67,0,0,-1,-1,-1,35.87
63076fd05903a81e2325d715,67,0,0,-1,-1,-1,35.89
63076fef5903a81e2325d717,66.5,0,0,-1,-1,-1,35.91
6307700d5903a81e2325d719,66,0,0,-1,-1,-1,35.95
6307702c5903a81e2325d71b,67,0,0,-1,-1,-1,35.93
6307704b5903a81e2325d71d,66,0,0,-1,-1,-1,35.91
6307706a5903a81e2325d71f,67,0,0,-1,-1,-1,35.91
630770895903a81e2325d721,66,0,0,-1,-1,-1,35.97
630770a85903a81e2325d723,67,0,0,-1,-1,-1,35.97
630770c65903a81e2325d725,67,0,0,-1,-1,-1,35.95
630770e55903a81e2325d727,67,0,0,-1,-1,-1,35.97
630771045903a81e2325d729,67,0,1,-1,0,1,36.01
630771225903a81e2325d72b,66.5,0,1,-1,0,1,36.45
630771415903a81e2325d72d,65.5,0,0,-1,-1,-1,35.93
630771605903a81e2325d72f,66,0,0,-1,-1,-1,35.07
6307717f5903a81e2325d731,67.5,0,0,-1,-1,-1,34.15
6307719e5903a81e2325d733,70,0,-1,-1,1,0,33.33
630771bd5903a81e2325d735,71.5,0,-1,-1,1,0,32.91
630771db5903a81e2325d737,73.5,0,-1,-1,1,0,32.91
630771fa5903a81e2325d739,72,0,-1,-1,1,0,33.13
630772185903a81e2325d73b,72,0,-1,-1,1,0,33.37
630772375903a81e2325d73d,70.5,0,-1,-1,1,0,33.71
630772575903a81e2325d73f,69,0,0,-1,-1,-1,34.01
630772755903a81e2325d741,68.5,0,0,-1,-1,-1,34.25
630772945903a81e2325d743,67.5,0,0,-1,-1,-1,34.57
630772b25903a81e2325d745,68,0,0,-1,-1,-1,34.71
630772d15903a81e2325d747,67,0,0,-1,-1,-1,34.91
630772f05903a81e2325d749,68,0,0,-1,-1,-1,35.09
6307730f5903a81e2325d74b,67.5,0,0,-1,-1,-1,35.19
6307732d5903a81e2325d74d,67.5,0,0,-1,-1,-1,35.29
6307734c5903a81e2325d74f,66.5,0,0,-1,-1,-1,35.39
6307736b5903a81e2325d751,67.5,0,0,-1,-1,-1,35.53
6307738a5903a81e2325d753,67,0,0,-1,-1,-1,35.55
630773a95903a81e2325d755,66.5,0,0,-1,-1,-1,35.65
630773c85903a81e2325d757,66.5,0,0,-1,-1,-1,35.75
630773e65903a81e2325d759,67.5,0,0,-1,-1,-1,35.79
630774055903a81e2325d75b,66.5,0,0,-1,-1,-1,35.81
630774245903a81e2325d75d,67,0,0,-1,-1,-1,35.83
630774425903a81e2325d75f,66.5,0,0,-1,-1,-1,35.91
630774615903a81e2325d761,67,0,0,-1,-1,-1,35.93
630774805903a81e2325d763,67,0,0,-1,-1,-1,35.99
6307749f5903a81e2325d765,67,0,1,-1,0,1,36.03
630774be5903a81e2325d767,66,0,1,-1,0,1,36.43
630774dc5903a81e2325d769,66,0,0,-1,-1,-1,35.95
630774fb5903a81e2325d76b,66.5,0,0,-1,-1,-1,35.07
6307751a5903a81e2325d76d,68,0,0,-1,-1,-1,34.15
630775395903a81e2325d76f,70,0,-1,-1,1,0,33.25
630775575903a81e2325d771,72,0,-1,-1,1,0,32.85
630775765903a81e2325d773,72.5,0,-1,-1,1,0,32.85
630775955903a81e2325d775,73.5,0,-1,-1,1,0,33.07
630775b45903a81e2325d777,71,0,-1,-1,1,0,33.31
630775d25903a81e2325d779,71,0,-1,-1,1,0,33.61
630775f15903a81e2325d77b,70.5,0,-1,-1,1,0,33.99
630776105903a81e2325d77d,69,0,0,-1,-1,-1,34.23
6307762f5903a81e2325d77f,68.5,0,0,-1,-1,-1,34.49
6307764e5903a81e2325d781,68.5,0,0,-1,-1,-1,34.71
6307766d5903a81e2325d783,67.5,0,0,-1,-1,-1,34.93
6307768b5903a81e2325d785,67,0,0,-1,-1,-1,35.03
630776aa5903a81e2325d787,67.5,0,0,-1,-1,-1,35.17
630776c95903a81e2325d789,67,0,0,-1,-1,-1,35.25
630776e75903a81e2325d78b,67,0,0,-1,-1,-1,35.35
630777065903a81e2325d78d,67.5,0,0,-1,-1,-1,35.49
630777255903a81e2325d78f,67,0,0,-1,-1,-1,35.57
630777445903a81e2325d791,66.5,0,0,-1,-1,-1,35.67
630777635903a81e2325d793,67.5,0,0,-1,-1,-1,35.69
630777825903a81e2325d795,67,0,0,-1,-1,-1,35.75
630777a05903a81e2325d797,67,0,0,-1,-1,-1,35.81
630777bf5903a81e2325d799,67.5,0,0,-1,-1,-1,35.83
630777de5903a81e2325d79b,66.5,0,0,-1,-1,-1,35.87
630777fd5903a81e2325d79d,66,0,0,-1,-1,-1,35.91
6307781b5903a81e2325d79f,67,0,0,-1,-1,-1,35.95
6307783a5903a81e2325d7a1,66,0,0,-1,-1,-1,35.93
630778595903a81e2325d7a3,67,0,0,-1,-1,-1,35.97
630778785903a81e2325d7a5,67,0,1,-1,0,1,36.01
630778975903a81e2325d7a7,66.5,0,1,-1,0,1,36.37
630778b65903a81e2325d7a9,65.5,0,0,-1,-1,-1,35.79
630778d45903a81e2325d7ab,66,0,0,-1,-1,-1,34.91
630778f35903a81e2325d7ad,67.5,0,0,-1,-1,-1,34.05
630779125903a81e2325d7af,70,0,-1,-1,1,0,33.27
630779305903a81e2325d7b1,72,0,-1,-1,1,0,32.87
6307794f5903a81e2325d7b3,74,0,-1,-1,1,0,32.87
6307796e5903a81e2325d7b5,72.5,0,-1,-1,1,0,33.13
6307798d5903a81e2325d7b7,72,0,-1,-1,1,0,33.43
630779ac5903a81e2325d7b9,70.5,0,-1,-1,1,0,33.71
630779ca5903a81e2325d7bb,70.5,0,0,-1,-1,-1,34.03
630779e95903a81e2325d7bd,69,0,0,-1,-1,-1,34.31
63077a085903a81e2325d7bf,69,0,0,-1,-1,-1,34.59
63077a265903a81e2325d7c1,68,0,0,-1,-1,-1,34.85
63077a455903a81e2325d7c3,67.5,0,0,-1,-1,-1,35.05
63077a645903a81e2325d7c5,66.5,0,0,-1,-1,-1,35.25
63077a835903a81e2325d7c7,66.5,0,0,-1,-1,-1,35.37
63077aa25903a81e2325d7c9,67,0,0,-1,-1,-1,35.55
63077ac05903a81e2325d7cb,67,0,0,-1,-1,-1,35.67
63077adf5903a81e2325d7cd,65.5,0,0,-1,-1,-1,35.77
63077afe5903a81e2325d7cf,67,0,0,-1,-1,-1,35.89
63077b1d5903a81e2325d7d1,66.5,0,0,-1,-1,-1,35.97
63077b3c5903a81e2325d7d3,66.5,0,1,-1,0,1,36.01
63077b5a5903a81e2325d7d5,66.5,0,1,-1,0,1,36.43
63077b795903a81e2325d7d7,65,0,0,-1,-1,-1,35.89
63077b985903a81e2325d7d9,66.5,0,0,-1,-1,-1,34.93
63077bb75903a81e2325d7db,68,0,0,-1,-1,-1,34.07
63077bd65903a81e2325d7dd,70,0,-1,-1,1,0,33.15
63077bf45903a81e2325d7df,71.5,0,-1,-1,1,0,32.83
63077c135903a81e2325d7e1,74,0,-1,-1,1,0,32.81
63077c325903a81e2325d7e3,73,0,-1,-1,1,0,33.07
63077c515903a81e2325d7e5,72,0,-1,-1,1,0,33.33
63077c705903a81e2325d7e7,71,0,-1,-1,1,0,33.71
63077c8e5903a81e2325d7e9,69.5,0,0,-1,-1,-1,34.01
63077cad5903a81e2325d7eb,69.5,0,0,-1,-1,-1,34.31
63077ccb5903a81e2325d7ed,68,0,0,-1,-1,-1,34.59
63077cea5903a81e2325d7ef,68,0,0,-1,-1,-1,34.85
63077d095903a81e2325d7f1,67,0,0,-1,-1,-1,35.05
63077d285903a81e2325d7f3,66,0,0,-1,-1,-1,35.25
63077d475903a81e2325d7f5,67.5,0,0,-1,-1,-1,35.37
63077d655903a81e2325d7f7,66.5,0,0,-1,-1,-1,35.55
63077d845903a81e2325d7f9,66.5,0,0,-1,-1,-1,35.69
63077da35903a81e2325d7fb,66.5,0,0,-1,-1,-1,35.79
63077dc25903a81e2325d7fd,66.5,0,0,-1,-1,-1,35.81
63077de15903a81e2325d7ff,66.5,0,0,-1,-1,-1,35.95
63077dff5903a81e2325d801,66,0,1,-1,0,1,36.03
63077e1e5903a81e2325d803,66,0,1,-1,0,1,36.37
63077e3d5903a81e2325d805,65,0,0,-1,-1,-1,35.79
63077e5c5903a81e2325d807,66,0,0,-1,-1,-1,34.89
63077e7b5903a81e2325d809,68,0,-1,-1,1,0,33.93
63077e995903a81e2325d80b,70,0,-1,-1,1,0,33.47
63077eb85903a81e2325d80d,71.5,0,-1,-1,1,0,33.41
63077ed75903a81e2325d80f,73,0,-1,-1,1,0,33.57
63077ef55903a81e2325d811,71,0,-1,-1,1,0,33.83
63077f155903a81e2325d813,70.5,0,0,-1,-1,-1,34.07
63077f335903a81e2325d815,69,0,0,-1,-1,-1,34.37
63077f525903a81e2325d817,67.5,0,0,-1,-1,-1,34.63
63077f705903a81e2325d819,67,0,0,-1,-1,-1,34.87
63077f8f5903a81e2325d81b,68,0,0,-1,-1,-1,35.07
63077fae5903a81e2325d81d,66.5,0,0,-1,-1,-1,35.27
63077fcd5903a81e2325d81f,66.5,0,0,-1,-1,-1,35.41
63077fec5903a81e2325d821,66,0,0,-1,-1,-1,35.57
6307800a5903a81e2325d823,66.5,0,0,-1,-1,-1,35.65
630780295903a81e2325d825,66.5,0,0,-1,-1,-1,35.79
630780485903a81e2325d827,65.5,0,0,-1,-1,-1,35.83
630780675903a81e2325d829,66.5,0,0,-1,-1,-1,35.91
630780855903a81e2325d82b,66.5,0,1,-1,0,1,36.05
630780a45903a81e2325d82d,67,0,1,-1,0,1,36.43
630780c45903a81e2325d82f,65,0,0,-1,-1,-1,35.81
630780e25903a81e2325d831,65.5,0,0,-1,-1,-1,34.93
630781015903a81e2325d833,68,0,0,-1,-1,-1,34.03
630781205903a81e2325d835,70,0,-1,-1,1,0,33.11
6307813e5903a81e2325d837,71.5,0,-1,-1,1,0,32.77
6307815d5903a81e2325d839,72.5,0,-1,-1,1,0,32.75
6307817c5903a81e2325d83b,73,0,-1,-1,1,0,33.03
6307819a5903a81e2325d83d,71.5,0,-1,-1,1,0,33.37
630781b95903a81e2325d83f,71,0,-1,-1,1,0,33.73
630781d85903a81e2325d841,70,0,0,-1,-1,-1,34.03
630781f75903a81e2325d843,68.5,0,0,-1,-1,-1,34.39
630782155903a81e2325d845,67,0,0,-1,-1,-1,34.61
630782345903a81e2325d847,66.5,0,0,-1,-1,-1,34.89
630782535903a81e2325d849,66.5,0,0,-1,-1,-1,35.11
630782725903a81e2325d84b,66,0,0,-1,-1,-1,35.27
630782915903a81e2325d84d,67,0,0,-1,-1,-1,35.47
630782b05903a81e2325d84f,66.5,0,0,-1,-1,-1,35.61
630782ce5903a81e2325d851,66.5,0,0,-1,-1,-1,35.73
630782ed5903a81e2325d853,65.5,0,0,-1,-1,-1,35.83
6307830c5903a81e2325d855,66,0,0,-1,-1,-1,35.97
6307832b5903a81e2325d857,66,0,0,-1,-1,-1,35.97
6307834a5903a81e2325d859,65.5,0,1,-1,0,1,36.09
630783685903a81e2325d85b,65.5,0,1,-1,0,1,36.43
630783875903a81e2325d85d,65,0,0,-1,-1,-1,35.83
630783a65903a81e2325d85f,65.5,0,0,-1,-1,-1,34.91
630783c55903a81e2325d861,68,0,-1,-1,1,0,33.99
630783e35903a81e2325d863,70,0,-1,-1,1,0,33.49
630784025903a81e2325d865,72,0,-1,-1,1,0,33.41
630784215903a81e2325d867,71,0,-1,-1,1,0,33.61
630784405903a81e2325d869,70.5,0,-1,-1,1,0,33.85
6307845f5903a81e2325d86b,69.5,0,0,-1,-1,-1,34.17
6307847d5903a81e2325d86d,68.5,0,0,-1,-1,-1,34.45
6307849c5903a81e2325d86f,68,0,0,-1,-1,-1,34.65
630784ba5903a81e2325d871,68,0,0,-1,-1,-1,34.95
630784da5903a81e2325d873,67,0,0,-1,-1,-1,35.17
630784f85903a81e2325d875,65.5,0,0,-1,-1,-1,35.39
630785175903a81e2325d877,66.5,0,0,-1,-1,-1,35.55
630785365903a81e2325d879,65.5,0,0,-1,-1,-1,35.67
630785555903a81e2325d87b,66,0,0,-1,-1,-1,35.79
630785745903a81e2325d87d,66.5,0,0,-1,-1,-1,35.83
630785925903a81e2325d87f,66,0,0,-1,-1,-1,35.91
630785b15903a81e2325d881,66,0,1,-1,0,1,36.01
630785cf5903a81e2325d883,64.5,0,1,-1,0,1,36.39
630785ee5903a81e2325d885,65,0,0,-1,-1,-1,35.79
6307860d5903a81e2325d887,65.5,0,0,-1,-1,-1,34.89
6307862c5903a81e2325d889,67,0,-1,-1,1,0,33.97
6307864b5903a81e2325d88b,69.5,0,-1,-1,1,0,33.43
630786695903a81e2325d88d,72,0,-1,-1,1,0,33.39
630786885903a81e2325d88f,71,0,-1,-1,1,0,33.61
630786a75903a81e2325d891,69.5,0,-1,-1,1,0,33.85
630786c65903a81e2325d893,69.5,0,0,-1,-1,-1,34.19
630786e45903a81e2325d895,68.5,0,0,-1,-1,-1,34.49
630787035903a81e2325d897,67.5,0,0,-1,-1,-1,34.75
630787225903a81e2325d899,67.5,0,0,-1,-1,-1,34.97
630787415903a81e2325d89b,66,0,0,-1,-1,-1,35.19
630787605903a81e2325d89d,67,0,0,-1,-1,-1,35.35
6307877e5903a81e2325d89f,65.5,0,0,-1,-1,-1,35.53
6307879d5903a81e2325d8a1,66,0,0,-1,-1,-1,35.69
630787bc5903a81e2325d8a3,67,0,0,-1,-1,-1,35.81
630787db5903a81e2325d8a5,64.5,0,0,-1,-1,-1,35.91
630787f95903a81e2325d8a7,66,0,0,-1,-1,-1,35.95
630788185903a81e2325d8a9,65.5,0,1,-1,0,1,36.05
630788375903a81e2325d8ab,66,0,1,-1,0,1,36.45
630788565903a81e2325d8ad,65,0,0,-1,-1,-1,35.89
630788755903a81e2325d8af,65.5,0,0,-1,-1,-1,34.97
630788935903a81e2325d8b1,67.5,0,0,-1,-1,-1,34.03
630788b25903a81e2325d8b3,69,0,-1,-1,1,0,33.17
630788d15903a81e2325d8b5,71,0,-1,-1,1,0,32.81
630788ef5903a81e2325d8b7,73,0,-1,-1,1,0,32.83
6307890e5903a81e2325d8b9,73,0,-1,-1,1,0,33.07
6307892d5903a81e2325d8bb,71.5,0,-1,-1,1,0,33.39
6307894c5903a81e2325d8bd,71,0,-1,-1,1,0,33.75
6307896b5903a81e2325d8bf,68.5,0,0,-1,-1,-1,34.09
6307898a5903a81e2325d8c1,67.5,0,0,-1,-1,-1,34.41
630789a85903a81e2325d8c3,67.5,0,0,-1,-1,-1,34.67
630789c75903a81e2325d8c5,66.5,0,0,-1,-1,-1,34.89
630789e65903a81e2325d8c7,66.5,0,0,-1,-1,-1,35.09
63078a055903a81e2325d8c9,67,0,0,-1,-1,-1,35.29
63078a235903a81e2325d8cb,66,0,0,-1,-1,-1,35.45
63078a425903a81e2325d8cd,65,0,0,-1,-1,-1,35.59
63078a615903a81e2325d8cf,66,0,0,-1,-1,-1,35.71
63078a7f5903a81e2325d8d1,66,0,0,-1,-1,-1,35.75
63078a9e5903a81e2325d8d3,65,0,0,-1,-1,-1,35.87
63078abd5903a81e2325d8d5,66.5,0,0,-1,-1,-1,35.93
63078adc5903a81e2325d8d7,65.5,0,1,-1,0,1,36.03
63078afb5903a81e2325d8d9,66,0,1,-1,0,1,36.47
63078b1a5903a81e2325d8db,64.5,0,0,-1,-1,-1,35.91
63078b385903a81e2325d8dd,65,0,0,-1,-1,-1,34.95
63078b575903a81e2325d8df,67.5,0,0,-1,-1,-1,34.01
63078b765903a81e2325d8e1,69.5,0,-1,-1,1,0,33.17
63078b945903a81e2325d8e3,71.5,0,-1,-1,1,0,32.83
63078bb35903a81e2325d8e5,73,0,-1,-1,1,0,32.87
63078bd25903a81e2325d8e7,73,0,-1,-1,1,0,33.07
63078bf15903a81e2325d8e9,71,0,-1,-1,1,0,33.43
63078c0f5903a81e2325d8eb,70.5,0,-1,-1,1,0,33.77
63078c2f5903a81e2325d8ed,69,0,0,-1,-1,-1,34.03
63078c4d5903a81e2325d8ef,68.5,0,0,-1,-1,-1,34.31
63078c6c5903a81e2325d8f1,68,0,0,-1,-1,-1,34.59
63078c8b5903a81e2325d8f3,67.5,0,0,-1,-1,-1,34.53
63078ca95903a81e2325d8f5,62.5,0,0,-1,-1,-1,34.75
63078cc85903a81e2325d8f7,62.5,0,-1,-1,1,0,33.57
63078ce75903a81e2325d8f9,39,-1,-1,1,1,0,33.47